Path,URL,Size in bytes (optional but recommended),MD5 Hash (optional but recommended),Filter Terms (optional),Overwrite (optional),Comments (optional)
docs/GAMEBOY/Game Boy Color Manuals/007 - The World is Not Enough.pdf,https://archive.org/download/mister-manuals/1998_Nintendo%20Game%20Boy%20Color.zip/1998_Nintendo%20Game%20Boy%20Color%2F007%20-%20The%20World%20is%20Not%20Enough.pdf,3841525,27f46cecf5487339fc7e769a1f85f8b1,,,007 - The World is Not Enough.pdf
docs/GAMEBOY/Game Boy Color Manuals/10 Pin Bowling.pdf,https://archive.org/download/mister-manuals/1998_Nintendo%20Game%20Boy%20Color.zip/1998_Nintendo%20Game%20Boy%20Color%2F10%20Pin%20Bowling.pdf,2270056,fda5cdf4c4b2314e7cb8df495b4eaa44,,,10 Pin Bowling.pdf
docs/GAMEBOY/Game Boy Color Manuals/102 Dalmatians - Puppies to the Rescue.pdf,https://archive.org/download/mister-manuals/1998_Nintendo%20Game%20Boy%20Color.zip/1998_Nintendo%20Game%20Boy%20Color%2F102%20Dalmatians%20-%20Puppies%20to%20the%20Rescue.pdf,3739208,01e807ca727189460ff8e88354a32aea,,,102 Dalmatians - Puppies to the Rescue.pdf
docs/GAMEBOY/Game Boy Color Manuals/720 Degrees.pdf,https://archive.org/download/mister-manuals/1998_Nintendo%20Game%20Boy%20Color.zip/1998_Nintendo%20Game%20Boy%20Color%2F720%20Degrees.pdf,2195954,54b26224373a89575439d97e2b4876e1,,,720 Degrees.pdf
docs/GAMEBOY/Game Boy Color Manuals/Action Man - Search for Base X.pdf,https://archive.org/download/mister-manuals/1998_Nintendo%20Game%20Boy%20Color.zip/1998_Nintendo%20Game%20Boy%20Color%2FAction%20Man%20-%20Search%20for%20Base%20X.pdf,2389301,19f0d8a2cf0b7c407b0ed537e52e1f46,,,Action Man - Search for Base X.pdf
docs/GAMEBOY/Game Boy Color Manuals/All-Star Baseball 2000.pdf,https://archive.org/download/mister-manuals/1998_Nintendo%20Game%20Boy%20Color.zip/1998_Nintendo%20Game%20Boy%20Color%2FAll-Star%20Baseball%202000.pdf,3915695,4cd9ad4e451b388b8a31d87355ff1f66,,,All-Star Baseball 2000.pdf
docs/GAMEBOY/Game Boy Color Manuals/All-Star Baseball 2001.pdf,https://archive.org/download/mister-manuals/1998_Nintendo%20Game%20Boy%20Color.zip/1998_Nintendo%20Game%20Boy%20Color%2FAll-Star%20Baseball%202001.pdf,4448942,d9b34967fa09d639cd0e940272596f04,,,All-Star Baseball 2001.pdf
docs/GAMEBOY/Game Boy Color Manuals/Animorphs.pdf,https://archive.org/download/mister-manuals/1998_Nintendo%20Game%20Boy%20Color.zip/1998_Nintendo%20Game%20Boy%20Color%2FAnimorphs.pdf,4669905,1ebf8abf227cc3bc5fba672a48b8526c,,,Animorphs.pdf
docs/GAMEBOY/Game Boy Color Manuals/Antz Racing.pdf,https://archive.org/download/mister-manuals/1998_Nintendo%20Game%20Boy%20Color.zip/1998_Nintendo%20Game%20Boy%20Color%2FAntz%20Racing.pdf,2225116,e35716523da66aa12e9576015f24d549,,,Antz Racing.pdf
docs/GAMEBOY/Game Boy Color Manuals/Antz.pdf,https://archive.org/download/mister-manuals/1998_Nintendo%20Game%20Boy%20Color.zip/1998_Nintendo%20Game%20Boy%20Color%2FAntz.pdf,4938411,10ff38dc9a6596b024f44d863e8c7486,,,Antz.pdf
docs/GAMEBOY/Game Boy Color Manuals/Armorines - Project S.W.A.R.M..pdf,https://archive.org/download/mister-manuals/1998_Nintendo%20Game%20Boy%20Color.zip/1998_Nintendo%20Game%20Boy%20Color%2FArmorines%20-%20Project%20S.W.A.R.M..pdf,2194440,c86325e1204d9c5f72587b2e7ad70346,,,Armorines - Project S.W.A.R.M..pdf
docs/GAMEBOY/Game Boy Color Manuals/Army Men - Air Combat.pdf,https://archive.org/download/mister-manuals/1998_Nintendo%20Game%20Boy%20Color.zip/1998_Nintendo%20Game%20Boy%20Color%2FArmy%20Men%20-%20Air%20Combat.pdf,4498106,c75401db7df72acfb2fd8788e540da18,,,Army Men - Air Combat.pdf
docs/GAMEBOY/Game Boy Color Manuals/Army Men - Sarge's Heroes 2.pdf,https://archive.org/download/mister-manuals/1998_Nintendo%20Game%20Boy%20Color.zip/1998_Nintendo%20Game%20Boy%20Color%2FArmy%20Men%20-%20Sarge_s%20Heroes%202.pdf,4801316,bac22cf767fc457f4712d448028882e3,,,Army Men - Sarge_s Heroes 2.pdf
docs/GAMEBOY/Game Boy Color Manuals/Army Men 2.pdf,https://archive.org/download/mister-manuals/1998_Nintendo%20Game%20Boy%20Color.zip/1998_Nintendo%20Game%20Boy%20Color%2FArmy%20Men%202.pdf,4092480,5dfbc2f6fd166a0d42fbd4d273917e89,,,Army Men 2.pdf
docs/GAMEBOY/Game Boy Color Manuals/Army Men.pdf,https://archive.org/download/mister-manuals/1998_Nintendo%20Game%20Boy%20Color.zip/1998_Nintendo%20Game%20Boy%20Color%2FArmy%20Men.pdf,5398104,f260fe7ec9eb6de6199feb6ab08e2db5,,,Army Men.pdf
docs/GAMEBOY/Game Boy Color Manuals/Arthur's Absolutely Fun Day!.pdf,https://archive.org/download/mister-manuals/1998_Nintendo%20Game%20Boy%20Color.zip/1998_Nintendo%20Game%20Boy%20Color%2FArthur_s%20Absolutely%20Fun%20Day%21.pdf,3407367,19956438835d63a6898367dfa99001de,,,Arthur_s Absolutely Fun Day!.pdf
docs/GAMEBOY/Game Boy Color Manuals/Asteroids.pdf,https://archive.org/download/mister-manuals/1998_Nintendo%20Game%20Boy%20Color.zip/1998_Nintendo%20Game%20Boy%20Color%2FAsteroids.pdf,5595945,63eee912ec1bdbd8d828860b2047a234,,,Asteroids.pdf
docs/GAMEBOY/Game Boy Color Manuals/Atlantis - The Lost Empire.pdf,https://archive.org/download/mister-manuals/1998_Nintendo%20Game%20Boy%20Color.zip/1998_Nintendo%20Game%20Boy%20Color%2FAtlantis%20-%20The%20Lost%20Empire.pdf,4518223,2f4160adc42380dbe86f27439b7c26f4,,,Atlantis - The Lost Empire.pdf
"docs/GAMEBOY/Game Boy Color Manuals/Austin Powers - Oh, Behave!.pdf",https://archive.org/download/mister-manuals/1998_Nintendo%20Game%20Boy%20Color.zip/1998_Nintendo%20Game%20Boy%20Color%2FAustin%20Powers%20-%20Oh%2C%20Behave%21.pdf,3513554,ffce9c63f992eff2c2f7880f4c702b55,,,"Austin Powers - Oh, Behave!.pdf"
docs/GAMEBOY/Game Boy Color Manuals/Austin Powers - Welcome to My Underground Lair!.pdf,https://archive.org/download/mister-manuals/1998_Nintendo%20Game%20Boy%20Color.zip/1998_Nintendo%20Game%20Boy%20Color%2FAustin%20Powers%20-%20Welcome%20to%20My%20Underground%20Lair%21.pdf,5107712,e3d8135c2e5cf6ca9e2349e095ba74bf,,,Austin Powers - Welcome to My Underground Lair!.pdf
docs/GAMEBOY/Game Boy Color Manuals/Azure Dreams.pdf,https://archive.org/download/mister-manuals/1998_Nintendo%20Game%20Boy%20Color.zip/1998_Nintendo%20Game%20Boy%20Color%2FAzure%20Dreams.pdf,2004400,453ac9541dd15c4bd373376862ff3a10,,,Azure Dreams.pdf
docs/GAMEBOY/Game Boy Color Manuals/Babe and Friends.pdf,https://archive.org/download/mister-manuals/1998_Nintendo%20Game%20Boy%20Color.zip/1998_Nintendo%20Game%20Boy%20Color%2FBabe%20and%20Friends.pdf,3481803,347caec5ce99a1ac2dbc161e2539838d,,,Babe and Friends.pdf
docs/GAMEBOY/Game Boy Color Manuals/Ballistic.pdf,https://archive.org/download/mister-manuals/1998_Nintendo%20Game%20Boy%20Color.zip/1998_Nintendo%20Game%20Boy%20Color%2FBallistic.pdf,4397996,2184c7b7f01f1007a45bd7a0e4c52f1b,,,Ballistic.pdf
docs/GAMEBOY/Game Boy Color Manuals/Barbie - Ocean Discovery.pdf,https://archive.org/download/mister-manuals/1998_Nintendo%20Game%20Boy%20Color.zip/1998_Nintendo%20Game%20Boy%20Color%2FBarbie%20-%20Ocean%20Discovery.pdf,2564152,56245d846176c06839653561fd703f89,,,Barbie - Ocean Discovery.pdf
docs/GAMEBOY/Game Boy Color Manuals/Barbie - Pet Rescue.pdf,https://archive.org/download/mister-manuals/1998_Nintendo%20Game%20Boy%20Color.zip/1998_Nintendo%20Game%20Boy%20Color%2FBarbie%20-%20Pet%20Rescue.pdf,5302468,f47a5e01c266da907de90be0499420ae,,,Barbie - Pet Rescue.pdf
docs/GAMEBOY/Game Boy Color Manuals/Bass Masters Classic.pdf,https://archive.org/download/mister-manuals/1998_Nintendo%20Game%20Boy%20Color.zip/1998_Nintendo%20Game%20Boy%20Color%2FBass%20Masters%20Classic.pdf,4511397,938603f30496ae165955729f403ec7f3,,,Bass Masters Classic.pdf
docs/GAMEBOY/Game Boy Color Manuals/BattleTanx.pdf,https://archive.org/download/mister-manuals/1998_Nintendo%20Game%20Boy%20Color.zip/1998_Nintendo%20Game%20Boy%20Color%2FBattleTanx.pdf,4552040,c87fe1d957b6a4ebce129d5ce90502cc,,,BattleTanx.pdf
docs/GAMEBOY/Game Boy Color Manuals/Battleship.pdf,https://archive.org/download/mister-manuals/1998_Nintendo%20Game%20Boy%20Color.zip/1998_Nintendo%20Game%20Boy%20Color%2FBattleship.pdf,5049231,619afc5059488f9e3011e7341e79b4b1,,,Battleship.pdf
docs/GAMEBOY/Game Boy Color Manuals/Beauty and the Beast - A Board Game Adventure.pdf,https://archive.org/download/mister-manuals/1998_Nintendo%20Game%20Boy%20Color.zip/1998_Nintendo%20Game%20Boy%20Color%2FBeauty%20and%20the%20Beast%20-%20A%20Board%20Game%20Adventure.pdf,4668198,e976c272e98aec7fa5c013a4b6733ba3,,,Beauty and the Beast - A Board Game Adventure.pdf
docs/GAMEBOY/Game Boy Color Manuals/Billy Bob's Huntin'-n'-Fishin'.pdf,https://archive.org/download/mister-manuals/1998_Nintendo%20Game%20Boy%20Color.zip/1998_Nintendo%20Game%20Boy%20Color%2FBilly%20Bob_s%20Huntin_-n_-Fishin_.pdf,4917266,4cd38b73520d340c95e001ce2609d39a,,,Billy Bob_s Huntin_-n_-Fishin_.pdf
docs/GAMEBOY/Game Boy Color Manuals/Bionic Commando - Elite Forces.pdf,https://archive.org/download/mister-manuals/1998_Nintendo%20Game%20Boy%20Color.zip/1998_Nintendo%20Game%20Boy%20Color%2FBionic%20Commando%20-%20Elite%20Forces.pdf,3819642,980d3b7dbde92799ede0b15676cf6894,,,Bionic Commando - Elite Forces.pdf
docs/GAMEBOY/Game Boy Color Manuals/Black Bass - Lure Fishing.pdf,https://archive.org/download/mister-manuals/1998_Nintendo%20Game%20Boy%20Color.zip/1998_Nintendo%20Game%20Boy%20Color%2FBlack%20Bass%20-%20Lure%20Fishing.pdf,3823623,0b17a6ad5f1ac58866500c3cef6579e2,,,Black Bass - Lure Fishing.pdf
docs/GAMEBOY/Game Boy Color Manuals/Blaster Master - Enemy Below.pdf,https://archive.org/download/mister-manuals/1998_Nintendo%20Game%20Boy%20Color.zip/1998_Nintendo%20Game%20Boy%20Color%2FBlaster%20Master%20-%20Enemy%20Below.pdf,2471436,a387f2dd9c2c17e9c17b0d47b3a184ff,,,Blaster Master - Enemy Below.pdf
docs/GAMEBOY/Game Boy Color Manuals/Boarder Zone.pdf,https://archive.org/download/mister-manuals/1998_Nintendo%20Game%20Boy%20Color.zip/1998_Nintendo%20Game%20Boy%20Color%2FBoarder%20Zone.pdf,4186384,05a13ba82e82a449bb2c061d17958d93,,,Boarder Zone.pdf
docs/GAMEBOY/Game Boy Color Manuals/Bob the Builder - Fix it Fun!.pdf,https://archive.org/download/mister-manuals/1998_Nintendo%20Game%20Boy%20Color.zip/1998_Nintendo%20Game%20Boy%20Color%2FBob%20the%20Builder%20-%20Fix%20it%20Fun%21.pdf,3598395,71200aa476de328e2ea6f94b26cc6947,,,Bob the Builder - Fix it Fun!.pdf
docs/GAMEBOY/Game Boy Color Manuals/Bomberman Max - Blue Champion.pdf,https://archive.org/download/mister-manuals/1998_Nintendo%20Game%20Boy%20Color.zip/1998_Nintendo%20Game%20Boy%20Color%2FBomberman%20Max%20-%20Blue%20Champion.pdf,5773012,c3e2e9895394ab659d80799edb084abf,,,Bomberman Max - Blue Champion.pdf
docs/GAMEBOY/Game Boy Color Manuals/Bomberman Max - Red Challenger.pdf,https://archive.org/download/mister-manuals/1998_Nintendo%20Game%20Boy%20Color.zip/1998_Nintendo%20Game%20Boy%20Color%2FBomberman%20Max%20-%20Red%20Challenger.pdf,5704107,5fb87d2f4c2cf0294e863c6996734a9c,,,Bomberman Max - Red Challenger.pdf
docs/GAMEBOY/Game Boy Color Manuals/Buffy the Vampire Slayer.pdf,https://archive.org/download/mister-manuals/1998_Nintendo%20Game%20Boy%20Color.zip/1998_Nintendo%20Game%20Boy%20Color%2FBuffy%20the%20Vampire%20Slayer.pdf,6063964,379a0dcbda90b20ce667fba838077f17,,,Buffy the Vampire Slayer.pdf
"docs/GAMEBOY/Game Boy Color Manuals/Bug's Life, A.pdf",https://archive.org/download/mister-manuals/1998_Nintendo%20Game%20Boy%20Color.zip/1998_Nintendo%20Game%20Boy%20Color%2FBug_s%20Life%2C%20A.pdf,5030407,082a41ea2faa6d8c0749aa0d179e3e3f,,,"Bug_s Life, A.pdf"
docs/GAMEBOY/Game Boy Color Manuals/Bugs Bunny - Crazy Castle 3.pdf,https://archive.org/download/mister-manuals/1998_Nintendo%20Game%20Boy%20Color.zip/1998_Nintendo%20Game%20Boy%20Color%2FBugs%20Bunny%20-%20Crazy%20Castle%203.pdf,3876339,bb881f3b26bbc8c661ddb3017073b6e6,,,Bugs Bunny - Crazy Castle 3.pdf
docs/GAMEBOY/Game Boy Color Manuals/Bust-A-Move 4.pdf,https://archive.org/download/mister-manuals/1998_Nintendo%20Game%20Boy%20Color.zip/1998_Nintendo%20Game%20Boy%20Color%2FBust-A-Move%204.pdf,2139579,841d45f6286c240a86544109e3434754,,,Bust-A-Move 4.pdf
docs/GAMEBOY/Game Boy Color Manuals/Bust-A-Move Millennium.pdf,https://archive.org/download/mister-manuals/1998_Nintendo%20Game%20Boy%20Color.zip/1998_Nintendo%20Game%20Boy%20Color%2FBust-A-Move%20Millennium.pdf,2788377,1495de867d7d942fc2a6654423d534bb,,,Bust-A-Move Millennium.pdf
docs/GAMEBOY/Game Boy Color Manuals/Caesars Palace II.pdf,https://archive.org/download/mister-manuals/1998_Nintendo%20Game%20Boy%20Color.zip/1998_Nintendo%20Game%20Boy%20Color%2FCaesars%20Palace%20II.pdf,5561062,f000d47cb08044e070b3fdf48d736a4b,,,Caesars Palace II.pdf
docs/GAMEBOY/Game Boy Color Manuals/Casper.pdf,https://archive.org/download/mister-manuals/1998_Nintendo%20Game%20Boy%20Color.zip/1998_Nintendo%20Game%20Boy%20Color%2FCasper.pdf,3971169,2b2e8bc66ad890d8fc5a26bedf8b8258,,,Casper.pdf
docs/GAMEBOY/Game Boy Color Manuals/Caterpillar Construction Zone.pdf,https://archive.org/download/mister-manuals/1998_Nintendo%20Game%20Boy%20Color.zip/1998_Nintendo%20Game%20Boy%20Color%2FCaterpillar%20Construction%20Zone.pdf,2402470,745fa95beb7f5e7e8ea945ed630d2830,,,Caterpillar Construction Zone.pdf
docs/GAMEBOY/Game Boy Color Manuals/Centipede.pdf,https://archive.org/download/mister-manuals/1998_Nintendo%20Game%20Boy%20Color.zip/1998_Nintendo%20Game%20Boy%20Color%2FCentipede.pdf,4936182,0303b9026c1fed860dc34c2fa8b620ee,,,Centipede.pdf
docs/GAMEBOY/Game Boy Color Manuals/Championship Motocross 2001 featuring Ricky Carmichael.pdf,https://archive.org/download/mister-manuals/1998_Nintendo%20Game%20Boy%20Color.zip/1998_Nintendo%20Game%20Boy%20Color%2FChampionship%20Motocross%202001%20featuring%20Ricky%20Carmichael.pdf,2455140,9838e1f29dd52ce2ed97162e82c5b817,,,Championship Motocross 2001 featuring Ricky Carmichael.pdf
docs/GAMEBOY/Game Boy Color Manuals/Chicken Run.pdf,https://archive.org/download/mister-manuals/1998_Nintendo%20Game%20Boy%20Color.zip/1998_Nintendo%20Game%20Boy%20Color%2FChicken%20Run.pdf,6625105,0a090d7b624d1b755f0d323fa73c8432,,,Chicken Run.pdf
docs/GAMEBOY/Game Boy Color Manuals/Commander Keen.pdf,https://archive.org/download/mister-manuals/1998_Nintendo%20Game%20Boy%20Color.zip/1998_Nintendo%20Game%20Boy%20Color%2FCommander%20Keen.pdf,6011044,824fa094b013b5787d8b795d41da2f9c,,,Commander Keen.pdf
docs/GAMEBOY/Game Boy Color Manuals/Conker's Pocket Tales.pdf,https://archive.org/download/mister-manuals/1998_Nintendo%20Game%20Boy%20Color.zip/1998_Nintendo%20Game%20Boy%20Color%2FConker_s%20Pocket%20Tales.pdf,2502416,97b73880c166ed0a0afcb85a8c2bf390,,,Conker_s Pocket Tales.pdf
docs/GAMEBOY/Game Boy Color Manuals/Croc 2.pdf,https://archive.org/download/mister-manuals/1998_Nintendo%20Game%20Boy%20Color.zip/1998_Nintendo%20Game%20Boy%20Color%2FCroc%202.pdf,2728434,c7729a0ab8e092458ce67cc47ea4dfb9,,,Croc 2.pdf
docs/GAMEBOY/Game Boy Color Manuals/Croc.pdf,https://archive.org/download/mister-manuals/1998_Nintendo%20Game%20Boy%20Color.zip/1998_Nintendo%20Game%20Boy%20Color%2FCroc.pdf,4911814,33692a8a84c1b1c3d83df36cd409518d,,,Croc.pdf
docs/GAMEBOY/Game Boy Color Manuals/Cruis'n Exotica.pdf,https://archive.org/download/mister-manuals/1998_Nintendo%20Game%20Boy%20Color.zip/1998_Nintendo%20Game%20Boy%20Color%2FCruis_n%20Exotica.pdf,2405863,b2eb1fcbc97d2984d2f5d7d4f3ae90fa,,,Cruis_n Exotica.pdf
docs/GAMEBOY/Game Boy Color Manuals/Crystalis.pdf,https://archive.org/download/mister-manuals/1998_Nintendo%20Game%20Boy%20Color.zip/1998_Nintendo%20Game%20Boy%20Color%2FCrystalis.pdf,3945117,1a5550a1404354410916e2af0e2c512e,,,Crystalis.pdf
docs/GAMEBOY/Game Boy Color Manuals/Cubix - Robots for Everyone - Race 'n Robots.pdf,https://archive.org/download/mister-manuals/1998_Nintendo%20Game%20Boy%20Color.zip/1998_Nintendo%20Game%20Boy%20Color%2FCubix%20-%20Robots%20for%20Everyone%20-%20Race%20_n%20Robots.pdf,4548171,6c14e1e9737ee05ae6eb832264ce5382,,,Cubix - Robots for Everyone - Race _n Robots.pdf
docs/GAMEBOY/Game Boy Color Manuals/Dave Mirra Freestyle BMX.pdf,https://archive.org/download/mister-manuals/1998_Nintendo%20Game%20Boy%20Color.zip/1998_Nintendo%20Game%20Boy%20Color%2FDave%20Mirra%20Freestyle%20BMX.pdf,3097919,0e894483c674e8fb3c02dba3956a19a5,,,Dave Mirra Freestyle BMX.pdf
docs/GAMEBOY/Game Boy Color Manuals/Deer Hunter.pdf,https://archive.org/download/mister-manuals/1998_Nintendo%20Game%20Boy%20Color.zip/1998_Nintendo%20Game%20Boy%20Color%2FDeer%20Hunter.pdf,4256483,c5f5df3c2371f39719fb23302d69d9af,,,Deer Hunter.pdf
docs/GAMEBOY/Game Boy Color Manuals/Deja Vu I & II - The Casebooks of Ace Harding.pdf,https://archive.org/download/mister-manuals/1998_Nintendo%20Game%20Boy%20Color.zip/1998_Nintendo%20Game%20Boy%20Color%2FDeja%20Vu%20I%20%26%20II%20-%20The%20Casebooks%20of%20Ace%20Harding.pdf,2922287,21110dbc7766b0e72907be1d984d9693,,,Deja Vu I & II - The Casebooks of Ace Harding.pdf
docs/GAMEBOY/Game Boy Color Manuals/Dinosaur.pdf,https://archive.org/download/mister-manuals/1998_Nintendo%20Game%20Boy%20Color.zip/1998_Nintendo%20Game%20Boy%20Color%2FDinosaur.pdf,4796728,430f37dc175dac701d997d3602a7805e,,,Dinosaur.pdf
docs/GAMEBOY/Game Boy Color Manuals/Diva Starz - Mall Mania.pdf,https://archive.org/download/mister-manuals/1998_Nintendo%20Game%20Boy%20Color.zip/1998_Nintendo%20Game%20Boy%20Color%2FDiva%20Starz%20-%20Mall%20Mania.pdf,3963923,3f3644d5313b444f2ebf60b58f3b1324,,,Diva Starz - Mall Mania.pdf
docs/GAMEBOY/Game Boy Color Manuals/Dogz.pdf,https://archive.org/download/mister-manuals/1998_Nintendo%20Game%20Boy%20Color.zip/1998_Nintendo%20Game%20Boy%20Color%2FDogz.pdf,2468210,554cdec0d2c84028ef1144e8aba3ad03,,,Dogz.pdf
docs/GAMEBOY/Game Boy Color Manuals/Donald Duck - Goin' Quackers.pdf,https://archive.org/download/mister-manuals/1998_Nintendo%20Game%20Boy%20Color.zip/1998_Nintendo%20Game%20Boy%20Color%2FDonald%20Duck%20-%20Goin_%20Quackers.pdf,3767122,6387dad74c49b3d74a38d98841660c19,,,Donald Duck - Goin_ Quackers.pdf
docs/GAMEBOY/Game Boy Color Manuals/Donkey Kong Country.pdf,https://archive.org/download/mister-manuals/1998_Nintendo%20Game%20Boy%20Color.zip/1998_Nintendo%20Game%20Boy%20Color%2FDonkey%20Kong%20Country.pdf,3946806,33194dbd11a958d7087845532936c3fd,,,Donkey Kong Country.pdf
docs/GAMEBOY/Game Boy Color Manuals/Dragon Ball Z - Legendary Super Warriors.pdf,https://archive.org/download/mister-manuals/1998_Nintendo%20Game%20Boy%20Color.zip/1998_Nintendo%20Game%20Boy%20Color%2FDragon%20Ball%20Z%20-%20Legendary%20Super%20Warriors.pdf,4971024,a6b870b2f73171e6a4f4a3aa8cfd986b,,,Dragon Ball Z - Legendary Super Warriors.pdf
docs/GAMEBOY/Game Boy Color Manuals/Dragon Tales - Dragon Wings.pdf,https://archive.org/download/mister-manuals/1998_Nintendo%20Game%20Boy%20Color.zip/1998_Nintendo%20Game%20Boy%20Color%2FDragon%20Tales%20-%20Dragon%20Wings.pdf,4456773,f7c777ef137168bf787ea6b612ae339d,,,Dragon Tales - Dragon Wings.pdf
docs/GAMEBOY/Game Boy Color Manuals/Dragon Warrior I & II.pdf,https://archive.org/download/mister-manuals/1998_Nintendo%20Game%20Boy%20Color.zip/1998_Nintendo%20Game%20Boy%20Color%2FDragon%20Warrior%20I%20%26%20II.pdf,4143969,e5677bad42f26cf1abbd06d4c26a9bfb,,,Dragon Warrior I & II.pdf
docs/GAMEBOY/Game Boy Color Manuals/Dragon Warrior III.pdf,https://archive.org/download/mister-manuals/1998_Nintendo%20Game%20Boy%20Color.zip/1998_Nintendo%20Game%20Boy%20Color%2FDragon%20Warrior%20III.pdf,6755687,9a7f133c5e864511e1875f19d2175e11,,,Dragon Warrior III.pdf
docs/GAMEBOY/Game Boy Color Manuals/Dragon Warrior Monsters.pdf,https://archive.org/download/mister-manuals/1998_Nintendo%20Game%20Boy%20Color.zip/1998_Nintendo%20Game%20Boy%20Color%2FDragon%20Warrior%20Monsters.pdf,4250841,4f3d68feba0a195fb7ae948003e93ca2,,,Dragon Warrior Monsters.pdf
docs/GAMEBOY/Game Boy Color Manuals/Dragon's Lair.pdf,https://archive.org/download/mister-manuals/1998_Nintendo%20Game%20Boy%20Color.zip/1998_Nintendo%20Game%20Boy%20Color%2FDragon_s%20Lair.pdf,1916274,fe18c9ed51b4a2d4da7ff21e317157f2,,,Dragon_s Lair.pdf
docs/GAMEBOY/Game Boy Color Manuals/Driver - You are the Wheelman.pdf,https://archive.org/download/mister-manuals/1998_Nintendo%20Game%20Boy%20Color.zip/1998_Nintendo%20Game%20Boy%20Color%2FDriver%20-%20You%20are%20the%20Wheelman.pdf,4865673,798ed39869227dfdd133a30d79b64f87,,,Driver - You are the Wheelman.pdf
docs/GAMEBOY/Game Boy Color Manuals/Duke Nukem.pdf,https://archive.org/download/mister-manuals/1998_Nintendo%20Game%20Boy%20Color.zip/1998_Nintendo%20Game%20Boy%20Color%2FDuke%20Nukem.pdf,2409565,127fcd1e3990d42b004dbc8791a24cd0,,,Duke Nukem.pdf
"docs/GAMEBOY/Game Boy Color Manuals/Dukes of Hazzard, The - Racing for Home.pdf",https://archive.org/download/mister-manuals/1998_Nintendo%20Game%20Boy%20Color.zip/1998_Nintendo%20Game%20Boy%20Color%2FDukes%20of%20Hazzard%2C%20The%20-%20Racing%20for%20Home.pdf,3640796,da62df18df6ce2fca05b43f7056560fe,,,"Dukes of Hazzard, The - Racing for Home.pdf"
docs/GAMEBOY/Game Boy Color Manuals/E.T. - Escape from Planet Earth.pdf,https://archive.org/download/mister-manuals/1998_Nintendo%20Game%20Boy%20Color.zip/1998_Nintendo%20Game%20Boy%20Color%2FE.T.%20-%20Escape%20from%20Planet%20Earth.pdf,4490974,6c432f9f71dae1b222a25ea6323fc6ca,,,E.T. - Escape from Planet Earth.pdf
docs/GAMEBOY/Game Boy Color Manuals/E.T. and the Cosmic Garden.pdf,https://archive.org/download/mister-manuals/1998_Nintendo%20Game%20Boy%20Color.zip/1998_Nintendo%20Game%20Boy%20Color%2FE.T.%20and%20the%20Cosmic%20Garden.pdf,4959409,40d35bbe7de6843fc6f50ceb84963d4e,,,E.T. and the Cosmic Garden.pdf
docs/GAMEBOY/Game Boy Color Manuals/ECW Hardcore Revolution.pdf,https://archive.org/download/mister-manuals/1998_Nintendo%20Game%20Boy%20Color.zip/1998_Nintendo%20Game%20Boy%20Color%2FECW%20Hardcore%20Revolution.pdf,2786669,eb6e8e5a293854b514bec5b14e0819ad,,,ECW Hardcore Revolution.pdf
docs/GAMEBOY/Game Boy Color Manuals/Earthworm Jim - Menace 2 the Galaxy.pdf,https://archive.org/download/mister-manuals/1998_Nintendo%20Game%20Boy%20Color.zip/1998_Nintendo%20Game%20Boy%20Color%2FEarthworm%20Jim%20-%20Menace%202%20the%20Galaxy.pdf,4705871,acba62544823da6a148cfb7f63bb5a30,,,Earthworm Jim - Menace 2 the Galaxy.pdf
docs/GAMEBOY/Game Boy Color Manuals/Elmo in Grouchland.pdf,https://archive.org/download/mister-manuals/1998_Nintendo%20Game%20Boy%20Color.zip/1998_Nintendo%20Game%20Boy%20Color%2FElmo%20in%20Grouchland.pdf,3325637,5d852ac90298395d72ece0a17e8e2524,,,Elmo in Grouchland.pdf
"docs/GAMEBOY/Game Boy Color Manuals/Emperor's New Groove, The.pdf",https://archive.org/download/mister-manuals/1998_Nintendo%20Game%20Boy%20Color.zip/1998_Nintendo%20Game%20Boy%20Color%2FEmperor_s%20New%20Groove%2C%20The.pdf,4995785,aec4a9e41d2906edaed10594fad74622,,,"Emperor_s New Groove, The.pdf"
docs/GAMEBOY/Game Boy Color Manuals/F-18 Thunder Strike.pdf,https://archive.org/download/mister-manuals/1998_Nintendo%20Game%20Boy%20Color.zip/1998_Nintendo%20Game%20Boy%20Color%2FF-18%20Thunder%20Strike.pdf,5317675,8f4ca0320b2310b3a8e2348a7ebe222b,,,F-18 Thunder Strike.pdf
"docs/GAMEBOY/Game Boy Color Manuals/Flintstones, The - BurgerTime in Bedrock.pdf",https://archive.org/download/mister-manuals/1998_Nintendo%20Game%20Boy%20Color.zip/1998_Nintendo%20Game%20Boy%20Color%2FFlintstones%2C%20The%20-%20BurgerTime%20in%20Bedrock.pdf,2849340,efadccb4f2df3678fabff0b843cfa279,,,"Flintstones, The - BurgerTime in Bedrock.pdf"
docs/GAMEBOY/Game Boy Color Manuals/Force 21.pdf,https://archive.org/download/mister-manuals/1998_Nintendo%20Game%20Boy%20Color.zip/1998_Nintendo%20Game%20Boy%20Color%2FForce%2021.pdf,4581846,7dd6ee7063435fb6295826fc1da3a3ff,,,Force 21.pdf
docs/GAMEBOY/Game Boy Color Manuals/Frogger 2.pdf,https://archive.org/download/mister-manuals/1998_Nintendo%20Game%20Boy%20Color.zip/1998_Nintendo%20Game%20Boy%20Color%2FFrogger%202.pdf,2619924,d6bc3126eadf146aecfcf950877a31ad,,,Frogger 2.pdf
docs/GAMEBOY/Game Boy Color Manuals/Frogger.pdf,https://archive.org/download/mister-manuals/1998_Nintendo%20Game%20Boy%20Color.zip/1998_Nintendo%20Game%20Boy%20Color%2FFrogger.pdf,4276169,ada160c8922f90331f96dc81451c23ce,,,Frogger.pdf
docs/GAMEBOY/Game Boy Color Manuals/Galaga - Destination Earth.pdf,https://archive.org/download/mister-manuals/1998_Nintendo%20Game%20Boy%20Color.zip/1998_Nintendo%20Game%20Boy%20Color%2FGalaga%20-%20Destination%20Earth.pdf,4480362,7bd7cf68ed21c9e369caaaeb1f8aa604,,,Galaga - Destination Earth.pdf
docs/GAMEBOY/Game Boy Color Manuals/Game & Watch Gallery 2.pdf,https://archive.org/download/mister-manuals/1998_Nintendo%20Game%20Boy%20Color.zip/1998_Nintendo%20Game%20Boy%20Color%2FGame%20%26%20Watch%20Gallery%202.pdf,2184242,60c4a7ca255949cebc10e4029fe51698,,,Game & Watch Gallery 2.pdf
docs/GAMEBOY/Game Boy Color Manuals/Game & Watch Gallery 3.pdf,https://archive.org/download/mister-manuals/1998_Nintendo%20Game%20Boy%20Color.zip/1998_Nintendo%20Game%20Boy%20Color%2FGame%20%26%20Watch%20Gallery%203.pdf,4575868,1c1a9aae5522d0357711a73027c54dda,,,Game & Watch Gallery 3.pdf
docs/GAMEBOY/Game Boy Color Manuals/Gex - Enter the Gecko.pdf,https://archive.org/download/mister-manuals/1998_Nintendo%20Game%20Boy%20Color.zip/1998_Nintendo%20Game%20Boy%20Color%2FGex%20-%20Enter%20the%20Gecko.pdf,2249422,f389cbc697d014ec5b735bcbaabc4575,,,Gex - Enter the Gecko.pdf
docs/GAMEBOY/Game Boy Color Manuals/Gex 3 - Deep Pocket Gecko.pdf,https://archive.org/download/mister-manuals/1998_Nintendo%20Game%20Boy%20Color.zip/1998_Nintendo%20Game%20Boy%20Color%2FGex%203%20-%20Deep%20Pocket%20Gecko.pdf,3880688,1ef3c8fc9a410e206fd1be2f06b7ad59,,,Gex 3 - Deep Pocket Gecko.pdf
docs/GAMEBOY/Game Boy Color Manuals/Godzilla - The Series.pdf,https://archive.org/download/mister-manuals/1998_Nintendo%20Game%20Boy%20Color.zip/1998_Nintendo%20Game%20Boy%20Color%2FGodzilla%20-%20The%20Series.pdf,5007893,5eac985ace175ce9cfc66e4050a2ec44,,,Godzilla - The Series.pdf
docs/GAMEBOY/Game Boy Color Manuals/Gold and Glory - The Road to El Dorado.pdf,https://archive.org/download/mister-manuals/1998_Nintendo%20Game%20Boy%20Color.zip/1998_Nintendo%20Game%20Boy%20Color%2FGold%20and%20Glory%20-%20The%20Road%20to%20El%20Dorado.pdf,2403776,911544ff58745de5392b3fd1d2e4a963,,,Gold and Glory - The Road to El Dorado.pdf
"docs/GAMEBOY/Game Boy Color Manuals/Grinch, The.pdf",https://archive.org/download/mister-manuals/1998_Nintendo%20Game%20Boy%20Color.zip/1998_Nintendo%20Game%20Boy%20Color%2FGrinch%2C%20The.pdf,4234483,11104aede904f0f7983bad61b15cca06,,,"Grinch, The.pdf"
docs/GAMEBOY/Game Boy Color Manuals/HamTaro - Ham-Hams Unite!.pdf,https://archive.org/download/mister-manuals/1998_Nintendo%20Game%20Boy%20Color.zip/1998_Nintendo%20Game%20Boy%20Color%2FHamTaro%20-%20Ham-Hams%20Unite%21.pdf,4992221,eb2029eac46cb9b9b86913769c981e7d,,,HamTaro - Ham-Hams Unite!.pdf
docs/GAMEBOY/Game Boy Color Manuals/Harry Potter and the Chamber of Secrets.pdf,https://archive.org/download/mister-manuals/1998_Nintendo%20Game%20Boy%20Color.zip/1998_Nintendo%20Game%20Boy%20Color%2FHarry%20Potter%20and%20the%20Chamber%20of%20Secrets.pdf,4027237,c4a61cf123b2302055730ebac256c923,,,Harry Potter and the Chamber of Secrets.pdf
docs/GAMEBOY/Game Boy Color Manuals/Harry Potter and the Sorcerer's Stone.pdf,https://archive.org/download/mister-manuals/1998_Nintendo%20Game%20Boy%20Color.zip/1998_Nintendo%20Game%20Boy%20Color%2FHarry%20Potter%20and%20the%20Sorcerer_s%20Stone.pdf,3403016,bc8858a5ca551de1178841e83a9c690e,,,Harry Potter and the Sorcerer_s Stone.pdf
docs/GAMEBOY/Game Boy Color Manuals/Harvest Moon 2 GBC.pdf,https://archive.org/download/mister-manuals/1998_Nintendo%20Game%20Boy%20Color.zip/1998_Nintendo%20Game%20Boy%20Color%2FHarvest%20Moon%202%20GBC.pdf,2560915,9538a3224dcd738dbcf0cb0a7951dc89,,,Harvest Moon 2 GBC.pdf
docs/GAMEBOY/Game Boy Color Manuals/Harvest Moon GBC.pdf,https://archive.org/download/mister-manuals/1998_Nintendo%20Game%20Boy%20Color.zip/1998_Nintendo%20Game%20Boy%20Color%2FHarvest%20Moon%20GBC.pdf,4633624,1bb44dd28ef3882415a7db05f4ec44fc,,,Harvest Moon GBC.pdf
docs/GAMEBOY/Game Boy Color Manuals/Hello Kitty's Cube Frenzy.pdf,https://archive.org/download/mister-manuals/1998_Nintendo%20Game%20Boy%20Color.zip/1998_Nintendo%20Game%20Boy%20Color%2FHello%20Kitty_s%20Cube%20Frenzy.pdf,5051252,6616ea24f417690343bcbe02858570b4,,,Hello Kitty_s Cube Frenzy.pdf
docs/GAMEBOY/Game Boy Color Manuals/Heroes of Might and Magic.pdf,https://archive.org/download/mister-manuals/1998_Nintendo%20Game%20Boy%20Color.zip/1998_Nintendo%20Game%20Boy%20Color%2FHeroes%20of%20Might%20and%20Magic.pdf,4149388,cd3436b9d46f8afc394a45697db713a9,,,Heroes of Might and Magic.pdf
docs/GAMEBOY/Game Boy Color Manuals/Hexcite - The Shapes of Victory.pdf,https://archive.org/download/mister-manuals/1998_Nintendo%20Game%20Boy%20Color.zip/1998_Nintendo%20Game%20Boy%20Color%2FHexcite%20-%20The%20Shapes%20of%20Victory.pdf,2172764,9906c2c28bdfaff4bbcf9ecb293bb47b,,,Hexcite - The Shapes of Victory.pdf
docs/GAMEBOY/Game Boy Color Manuals/Hot Wheels - Stunt Track Driver.pdf,https://archive.org/download/mister-manuals/1998_Nintendo%20Game%20Boy%20Color.zip/1998_Nintendo%20Game%20Boy%20Color%2FHot%20Wheels%20-%20Stunt%20Track%20Driver.pdf,4876500,e3e2d38e55335aafabdbd0bd1bd1b4b0,,,Hot Wheels - Stunt Track Driver.pdf
docs/GAMEBOY/Game Boy Color Manuals/Hoyle Card Games.pdf,https://archive.org/download/mister-manuals/1998_Nintendo%20Game%20Boy%20Color.zip/1998_Nintendo%20Game%20Boy%20Color%2FHoyle%20Card%20Games.pdf,2649911,0ae533c4f904987df0fa7f271b0fb6fe,,,Hoyle Card Games.pdf
docs/GAMEBOY/Game Boy Color Manuals/Hoyle Casino.pdf,https://archive.org/download/mister-manuals/1998_Nintendo%20Game%20Boy%20Color.zip/1998_Nintendo%20Game%20Boy%20Color%2FHoyle%20Casino.pdf,2759294,03b243b22be650a4e024dd67df754d67,,,Hoyle Casino.pdf
docs/GAMEBOY/Game Boy Color Manuals/International Track & Field.pdf,https://archive.org/download/mister-manuals/1998_Nintendo%20Game%20Boy%20Color.zip/1998_Nintendo%20Game%20Boy%20Color%2FInternational%20Track%20%26%20Field.pdf,2703661,aaffd51e4c5cc4ca6b96745c30cc122b,,,International Track & Field.pdf
docs/GAMEBOY/Game Boy Color Manuals/Jeff Gordon XS Racing.pdf,https://archive.org/download/mister-manuals/1998_Nintendo%20Game%20Boy%20Color.zip/1998_Nintendo%20Game%20Boy%20Color%2FJeff%20Gordon%20XS%20Racing.pdf,2088779,9a1a6e13b200be61f13d0aed8828230d,,,Jeff Gordon XS Racing.pdf
docs/GAMEBOY/Game Boy Color Manuals/Jeremy McGrath Supercross 2000.pdf,https://archive.org/download/mister-manuals/1998_Nintendo%20Game%20Boy%20Color.zip/1998_Nintendo%20Game%20Boy%20Color%2FJeremy%20McGrath%20Supercross%202000.pdf,1558026,8d83a5c905c7715f4ae98eab79012583,,,Jeremy McGrath Supercross 2000.pdf
"docs/GAMEBOY/Game Boy Color Manuals/Jungle Book, The - Mowgli's Wild Adventure.pdf",https://archive.org/download/mister-manuals/1998_Nintendo%20Game%20Boy%20Color.zip/1998_Nintendo%20Game%20Boy%20Color%2FJungle%20Book%2C%20The%20-%20Mowgli_s%20Wild%20Adventure.pdf,5080576,7492ddf3830e7cc3a38611391ce3a58e,,,"Jungle Book, The - Mowgli_s Wild Adventure.pdf"
docs/GAMEBOY/Game Boy Color Manuals/Kelly Club - Clubhouse Fun.pdf,https://archive.org/download/mister-manuals/1998_Nintendo%20Game%20Boy%20Color.zip/1998_Nintendo%20Game%20Boy%20Color%2FKelly%20Club%20-%20Clubhouse%20Fun.pdf,3899913,9792346a1c4f9b5b96d6f791019aaa14,,,Kelly Club - Clubhouse Fun.pdf
docs/GAMEBOY/Game Boy Color Manuals/Kirby - Tilt 'n' Tumble.pdf,https://archive.org/download/mister-manuals/1998_Nintendo%20Game%20Boy%20Color.zip/1998_Nintendo%20Game%20Boy%20Color%2FKirby%20-%20Tilt%20_n_%20Tumble.pdf,2521178,a6265df536f353ea805109a123f59f00,,,Kirby - Tilt _n_ Tumble.pdf
docs/GAMEBOY/Game Boy Color Manuals/Klax.pdf,https://archive.org/download/mister-manuals/1998_Nintendo%20Game%20Boy%20Color.zip/1998_Nintendo%20Game%20Boy%20Color%2FKlax.pdf,2235813,0b3a408f7ff9ec4678d41cfd1c4481e8,,,Klax.pdf
docs/GAMEBOY/Game Boy Color Manuals/Klustar.pdf,https://archive.org/download/mister-manuals/1998_Nintendo%20Game%20Boy%20Color.zip/1998_Nintendo%20Game%20Boy%20Color%2FKlustar.pdf,3553595,aceccd6001c05ec126c32ed066562fef,,,Klustar.pdf
docs/GAMEBOY/Game Boy Color Manuals/Knockout Kings.pdf,https://archive.org/download/mister-manuals/1998_Nintendo%20Game%20Boy%20Color.zip/1998_Nintendo%20Game%20Boy%20Color%2FKnockout%20Kings.pdf,2342634,f15cc31ccfc6ee78403cf4c87efefacd,,,Knockout Kings.pdf
docs/GAMEBOY/Game Boy Color Manuals/LEGO Alpha Team.pdf,https://archive.org/download/mister-manuals/1998_Nintendo%20Game%20Boy%20Color.zip/1998_Nintendo%20Game%20Boy%20Color%2FLEGO%20Alpha%20Team.pdf,4510423,0e0d8fb2eaa95515b143a9bd1f09e723,,,LEGO Alpha Team.pdf
docs/GAMEBOY/Game Boy Color Manuals/LEGO Island 2 - The Brickster's Revenge.pdf,https://archive.org/download/mister-manuals/1998_Nintendo%20Game%20Boy%20Color.zip/1998_Nintendo%20Game%20Boy%20Color%2FLEGO%20Island%202%20-%20The%20Brickster_s%20Revenge.pdf,4215674,58a80d6771c777d95232a44009c8af8b,,,LEGO Island 2 - The Brickster_s Revenge.pdf
"docs/GAMEBOY/Game Boy Color Manuals/Land Before Time, The.pdf",https://archive.org/download/mister-manuals/1998_Nintendo%20Game%20Boy%20Color.zip/1998_Nintendo%20Game%20Boy%20Color%2FLand%20Before%20Time%2C%20The.pdf,1958766,703724565ea36dd3f037fd58b73d0251,,,"Land Before Time, The.pdf"
docs/GAMEBOY/Game Boy Color Manuals/Las Vegas Cool Hand.pdf,https://archive.org/download/mister-manuals/1998_Nintendo%20Game%20Boy%20Color.zip/1998_Nintendo%20Game%20Boy%20Color%2FLas%20Vegas%20Cool%20Hand.pdf,3948150,c0befbd5fc5a1d78bd6dbe64cfeafb04,,,Las Vegas Cool Hand.pdf
"docs/GAMEBOY/Game Boy Color Manuals/Legend of Zelda, The - Link's Awakening DX.pdf",https://archive.org/download/mister-manuals/1998_Nintendo%20Game%20Boy%20Color.zip/1998_Nintendo%20Game%20Boy%20Color%2FLegend%20of%20Zelda%2C%20The%20-%20Link_s%20Awakening%20DX.pdf,5280321,c085105648782524204aef394f2afa91,,,"Legend of Zelda, The - Link_s Awakening DX.pdf"
"docs/GAMEBOY/Game Boy Color Manuals/Legend of Zelda, The - Oracle of Ages.pdf",https://archive.org/download/mister-manuals/1998_Nintendo%20Game%20Boy%20Color.zip/1998_Nintendo%20Game%20Boy%20Color%2FLegend%20of%20Zelda%2C%20The%20-%20Oracle%20of%20Ages.pdf,4556015,99364cbaff9210a9163757bab6c6d18d,,,"Legend of Zelda, The - Oracle of Ages.pdf"
"docs/GAMEBOY/Game Boy Color Manuals/Legend of Zelda, The - Oracle of Seasons.pdf",https://archive.org/download/mister-manuals/1998_Nintendo%20Game%20Boy%20Color.zip/1998_Nintendo%20Game%20Boy%20Color%2FLegend%20of%20Zelda%2C%20The%20-%20Oracle%20of%20Seasons.pdf,4606237,4f5fddfe1a870b5cadf4e160bdcbf5ce,,,"Legend of Zelda, The - Oracle of Seasons.pdf"
docs/GAMEBOY/Game Boy Color Manuals/Legend of the River King GBC.pdf,https://archive.org/download/mister-manuals/1998_Nintendo%20Game%20Boy%20Color.zip/1998_Nintendo%20Game%20Boy%20Color%2FLegend%20of%20the%20River%20King%20GBC.pdf,1676917,82a838f9c869414082abd3f224d5e08f,,,Legend of the River King GBC.pdf
docs/GAMEBOY/Game Boy Color Manuals/Lemmings & Oh No! More Lemmings.pdf,https://archive.org/download/mister-manuals/1998_Nintendo%20Game%20Boy%20Color.zip/1998_Nintendo%20Game%20Boy%20Color%2FLemmings%20%26%20Oh%20No%21%20More%20Lemmings.pdf,2089916,51365d3480ac74fa640c6180482d3b83,,,Lemmings & Oh No! More Lemmings.pdf
docs/GAMEBOY/Game Boy Color Manuals/Lil' Monster.pdf,https://archive.org/download/mister-manuals/1998_Nintendo%20Game%20Boy%20Color.zip/1998_Nintendo%20Game%20Boy%20Color%2FLil_%20Monster.pdf,2304499,0ffa9f3c29ad5af02523a9e9d48b14e6,,,Lil_ Monster.pdf
"docs/GAMEBOY/Game Boy Color Manuals/Lion King, The - Simba's Mighty Adventure.pdf",https://archive.org/download/mister-manuals/1998_Nintendo%20Game%20Boy%20Color.zip/1998_Nintendo%20Game%20Boy%20Color%2FLion%20King%2C%20The%20-%20Simba_s%20Mighty%20Adventure.pdf,5843443,2198a370c2fafdcba74bb0961df33026,,,"Lion King, The - Simba_s Mighty Adventure.pdf"
"docs/GAMEBOY/Game Boy Color Manuals/Little Mermaid II, The - Pinball Frenzy.pdf",https://archive.org/download/mister-manuals/1998_Nintendo%20Game%20Boy%20Color.zip/1998_Nintendo%20Game%20Boy%20Color%2FLittle%20Mermaid%20II%2C%20The%20-%20Pinball%20Frenzy.pdf,4400278,7a65c4074bf004d746eca8fa36a51b00,,,"Little Mermaid II, The - Pinball Frenzy.pdf"
docs/GAMEBOY/Game Boy Color Manuals/Logical.pdf,https://archive.org/download/mister-manuals/1998_Nintendo%20Game%20Boy%20Color.zip/1998_Nintendo%20Game%20Boy%20Color%2FLogical.pdf,2296815,e011263bdce7a4dde2cb4a4259b9d716,,,Logical.pdf
docs/GAMEBOY/Game Boy Color Manuals/Looney Tunes - Carrot Crazy.pdf,https://archive.org/download/mister-manuals/1998_Nintendo%20Game%20Boy%20Color.zip/1998_Nintendo%20Game%20Boy%20Color%2FLooney%20Tunes%20-%20Carrot%20Crazy.pdf,1164072,597acfe026b4804433404ac195d1e776,,,Looney Tunes - Carrot Crazy.pdf
docs/GAMEBOY/Game Boy Color Manuals/Looney Tunes - Marvin Strikes Back!.pdf,https://archive.org/download/mister-manuals/1998_Nintendo%20Game%20Boy%20Color.zip/1998_Nintendo%20Game%20Boy%20Color%2FLooney%20Tunes%20-%20Marvin%20Strikes%20Back%21.pdf,4181000,51c66e91fd7030cd8d74dab51d022a86,,,Looney Tunes - Marvin Strikes Back!.pdf
docs/GAMEBOY/Game Boy Color Manuals/Looney Tunes - Twouble!.pdf,https://archive.org/download/mister-manuals/1998_Nintendo%20Game%20Boy%20Color.zip/1998_Nintendo%20Game%20Boy%20Color%2FLooney%20Tunes%20-%20Twouble%21.pdf,4935328,e9d82b51c9eaace1a7c0075e63b982f1,,,Looney Tunes - Twouble!.pdf
docs/GAMEBOY/Game Boy Color Manuals/Looney Tunes Collector - Alert!.pdf,https://archive.org/download/mister-manuals/1998_Nintendo%20Game%20Boy%20Color.zip/1998_Nintendo%20Game%20Boy%20Color%2FLooney%20Tunes%20Collector%20-%20Alert%21.pdf,4611821,395f031dabdbe6377872d0c6c2089a91,,,Looney Tunes Collector - Alert!.pdf
docs/GAMEBOY/Game Boy Color Manuals/Looney Tunes Racing.pdf,https://archive.org/download/mister-manuals/1998_Nintendo%20Game%20Boy%20Color.zip/1998_Nintendo%20Game%20Boy%20Color%2FLooney%20Tunes%20Racing.pdf,3817378,ef651ce9561ce28879da31d80b748d43,,,Looney Tunes Racing.pdf
docs/GAMEBOY/Game Boy Color Manuals/Looney Tunes.pdf,https://archive.org/download/mister-manuals/1998_Nintendo%20Game%20Boy%20Color.zip/1998_Nintendo%20Game%20Boy%20Color%2FLooney%20Tunes.pdf,2016610,cf7e92e88ed3370a7a5dc82388b33ba1,,,Looney Tunes.pdf
docs/GAMEBOY/Game Boy Color Manuals/Lucky Luke.pdf,https://archive.org/download/mister-manuals/1998_Nintendo%20Game%20Boy%20Color.zip/1998_Nintendo%20Game%20Boy%20Color%2FLucky%20Luke.pdf,2516164,3bde798bdb7251a3a29a1de4baedb899,,,Lucky Luke.pdf
docs/GAMEBOY/Game Boy Color Manuals/Lufia - The Legend Returns.pdf,https://archive.org/download/mister-manuals/1998_Nintendo%20Game%20Boy%20Color.zip/1998_Nintendo%20Game%20Boy%20Color%2FLufia%20-%20The%20Legend%20Returns.pdf,4847307,cc2f5fd28376e6a7134c981f16a03008,,,Lufia - The Legend Returns.pdf
docs/GAMEBOY/Game Boy Color Manuals/M&M's Minis Madness.pdf,https://archive.org/download/mister-manuals/1998_Nintendo%20Game%20Boy%20Color.zip/1998_Nintendo%20Game%20Boy%20Color%2FM%26M_s%20Minis%20Madness.pdf,2570712,056635fd4466123b9e8519355a32b05b,,,M&M_s Minis Madness.pdf
docs/GAMEBOY/Game Boy Color Manuals/MTV Sports - Pure Ride.pdf,https://archive.org/download/mister-manuals/1998_Nintendo%20Game%20Boy%20Color.zip/1998_Nintendo%20Game%20Boy%20Color%2FMTV%20Sports%20-%20Pure%20Ride.pdf,4115082,aa99f1e7c66a237f3d0d66e153e00aab,,,MTV Sports - Pure Ride.pdf
docs/GAMEBOY/Game Boy Color Manuals/MTV Sports - Skateboarding featuring Andy MacDonald.pdf,https://archive.org/download/mister-manuals/1998_Nintendo%20Game%20Boy%20Color.zip/1998_Nintendo%20Game%20Boy%20Color%2FMTV%20Sports%20-%20Skateboarding%20featuring%20Andy%20MacDonald.pdf,4056564,013e17e42266b2f436ecade4bae4174a,,,MTV Sports - Skateboarding featuring Andy MacDonald.pdf
docs/GAMEBOY/Game Boy Color Manuals/MTV Sports - T.J. Lavin's Ultimate BMX.pdf,https://archive.org/download/mister-manuals/1998_Nintendo%20Game%20Boy%20Color.zip/1998_Nintendo%20Game%20Boy%20Color%2FMTV%20Sports%20-%20T.J.%20Lavin_s%20Ultimate%20BMX.pdf,3575401,956ac37796019a44ef8d122a6a652854,,,MTV Sports - T.J. Lavin_s Ultimate BMX.pdf
docs/GAMEBOY/Game Boy Color Manuals/Madden NFL 2000.pdf,https://archive.org/download/mister-manuals/1998_Nintendo%20Game%20Boy%20Color.zip/1998_Nintendo%20Game%20Boy%20Color%2FMadden%20NFL%202000.pdf,4582269,17330f3800febda704cc074750bd3af3,,,Madden NFL 2000.pdf
docs/GAMEBOY/Game Boy Color Manuals/Madden NFL 2001.pdf,https://archive.org/download/mister-manuals/1998_Nintendo%20Game%20Boy%20Color.zip/1998_Nintendo%20Game%20Boy%20Color%2FMadden%20NFL%202001.pdf,3033443,8deb2fc6ff8ad0732607414a73b439ff,,,Madden NFL 2001.pdf
docs/GAMEBOY/Game Boy Color Manuals/Magi Nation.pdf,https://archive.org/download/mister-manuals/1998_Nintendo%20Game%20Boy%20Color.zip/1998_Nintendo%20Game%20Boy%20Color%2FMagi%20Nation.pdf,5351394,dd385f94de692bbb5138ea7769b4f67a,,,Magi Nation.pdf
docs/GAMEBOY/Game Boy Color Manuals/Magical Drop.pdf,https://archive.org/download/mister-manuals/1998_Nintendo%20Game%20Boy%20Color.zip/1998_Nintendo%20Game%20Boy%20Color%2FMagical%20Drop.pdf,4083084,6ac31c954395753dcbf535743766f4f1,,,Magical Drop.pdf
docs/GAMEBOY/Game Boy Color Manuals/Magical Tetris Challenge.pdf,https://archive.org/download/mister-manuals/1998_Nintendo%20Game%20Boy%20Color.zip/1998_Nintendo%20Game%20Boy%20Color%2FMagical%20Tetris%20Challenge.pdf,5896174,8c90f31af71b221ab15452156fc6ef95,,,Magical Tetris Challenge.pdf
docs/GAMEBOY/Game Boy Color Manuals/Marble Madness.pdf,https://archive.org/download/mister-manuals/1998_Nintendo%20Game%20Boy%20Color.zip/1998_Nintendo%20Game%20Boy%20Color%2FMarble%20Madness.pdf,1911898,4e835601521e3c9a87be3daab110d9a5,,,Marble Madness.pdf
docs/GAMEBOY/Game Boy Color Manuals/Mario Golf.pdf,https://archive.org/download/mister-manuals/1998_Nintendo%20Game%20Boy%20Color.zip/1998_Nintendo%20Game%20Boy%20Color%2FMario%20Golf.pdf,5104948,9a472f4e93c79c798a3b00efbee82827,,,Mario Golf.pdf
docs/GAMEBOY/Game Boy Color Manuals/Mario Tennis.pdf,https://archive.org/download/mister-manuals/1998_Nintendo%20Game%20Boy%20Color.zip/1998_Nintendo%20Game%20Boy%20Color%2FMario%20Tennis.pdf,6670036,7a068c1104dd34e171a1924eaf3be017,,,Mario Tennis.pdf
docs/GAMEBOY/Game Boy Color Manuals/Mary-Kate and Ashley - Crush Course.pdf,https://archive.org/download/mister-manuals/1998_Nintendo%20Game%20Boy%20Color.zip/1998_Nintendo%20Game%20Boy%20Color%2FMary-Kate%20and%20Ashley%20-%20Crush%20Course.pdf,4140563,a354fa7dcb2416264ce0602a0968031f,,,Mary-Kate and Ashley - Crush Course.pdf
docs/GAMEBOY/Game Boy Color Manuals/Mary-Kate and Ashley - Get a Clue!.pdf,https://archive.org/download/mister-manuals/1998_Nintendo%20Game%20Boy%20Color.zip/1998_Nintendo%20Game%20Boy%20Color%2FMary-Kate%20and%20Ashley%20-%20Get%20a%20Clue%21.pdf,3748426,8c33cd237af3fb6c74b5dbbd95ab8ad1,,,Mary-Kate and Ashley - Get a Clue!.pdf
docs/GAMEBOY/Game Boy Color Manuals/Mary-Kate and Ashley - Pocket Planner.pdf,https://archive.org/download/mister-manuals/1998_Nintendo%20Game%20Boy%20Color.zip/1998_Nintendo%20Game%20Boy%20Color%2FMary-Kate%20and%20Ashley%20-%20Pocket%20Planner.pdf,6126174,767fe88680d9a626d06b7ac7af382f51,,,Mary-Kate and Ashley - Pocket Planner.pdf
docs/GAMEBOY/Game Boy Color Manuals/Mary-Kate and Ashley - Winners Circle.pdf,https://archive.org/download/mister-manuals/1998_Nintendo%20Game%20Boy%20Color.zip/1998_Nintendo%20Game%20Boy%20Color%2FMary-Kate%20and%20Ashley%20-%20Winners%20Circle.pdf,3890853,824e6baa86709bd022a715d6d57057ee,,,Mary-Kate and Ashley - Winners Circle.pdf
"docs/GAMEBOY/Game Boy Color Manuals/Mask of Zorro, The.pdf",https://archive.org/download/mister-manuals/1998_Nintendo%20Game%20Boy%20Color.zip/1998_Nintendo%20Game%20Boy%20Color%2FMask%20of%20Zorro%2C%20The.pdf,787045,3affde61c96c2646c5787db8138e6f2a,,,"Mask of Zorro, The.pdf"
docs/GAMEBOY/Game Boy Color Manuals/Mat Hoffman's Pro BMX.pdf,https://archive.org/download/mister-manuals/1998_Nintendo%20Game%20Boy%20Color.zip/1998_Nintendo%20Game%20Boy%20Color%2FMat%20Hoffman_s%20Pro%20BMX.pdf,6003263,bf159381e9cb61209b5f2351740a826e,,,Mat Hoffman_s Pro BMX.pdf
docs/GAMEBOY/Game Boy Color Manuals/Matchbox - Emergency Patrol.pdf,https://archive.org/download/mister-manuals/1998_Nintendo%20Game%20Boy%20Color.zip/1998_Nintendo%20Game%20Boy%20Color%2FMatchbox%20-%20Emergency%20Patrol.pdf,2594706,86b7a0f78f4324a4000ce00b96324ea7,,,Matchbox - Emergency Patrol.pdf
docs/GAMEBOY/Game Boy Color Manuals/Mega Man Xtreme 2.pdf,https://archive.org/download/mister-manuals/1998_Nintendo%20Game%20Boy%20Color.zip/1998_Nintendo%20Game%20Boy%20Color%2FMega%20Man%20Xtreme%202.pdf,2955508,dd635c8c141c9ef3f4d0d8c559a347a2,,,Mega Man Xtreme 2.pdf
docs/GAMEBOY/Game Boy Color Manuals/Men in Black - The Series.pdf,https://archive.org/download/mister-manuals/1998_Nintendo%20Game%20Boy%20Color.zip/1998_Nintendo%20Game%20Boy%20Color%2FMen%20in%20Black%20-%20The%20Series.pdf,1757208,a1b636087dc65b578a4b7e9de123d36f,,,Men in Black - The Series.pdf
docs/GAMEBOY/Game Boy Color Manuals/Metal Gear Solid.pdf,https://archive.org/download/mister-manuals/1998_Nintendo%20Game%20Boy%20Color.zip/1998_Nintendo%20Game%20Boy%20Color%2FMetal%20Gear%20Solid.pdf,3671090,b6dcb272488e9315fa0448b6d661f4b2,,,Metal Gear Solid.pdf
docs/GAMEBOY/Game Boy Color Manuals/Metal Walker.pdf,https://archive.org/download/mister-manuals/1998_Nintendo%20Game%20Boy%20Color.zip/1998_Nintendo%20Game%20Boy%20Color%2FMetal%20Walker.pdf,2558609,1765e4caf3c52774921a1658b1f72b8b,,,Metal Walker.pdf
docs/GAMEBOY/Game Boy Color Manuals/Mia Hamm Soccer Shootout.pdf,https://archive.org/download/mister-manuals/1998_Nintendo%20Game%20Boy%20Color.zip/1998_Nintendo%20Game%20Boy%20Color%2FMia%20Hamm%20Soccer%20Shootout.pdf,4744941,14896d719a635edc4cbfceacf1615049,,,Mia Hamm Soccer Shootout.pdf
docs/GAMEBOY/Game Boy Color Manuals/Mickey's Racing Adventure.pdf,https://archive.org/download/mister-manuals/1998_Nintendo%20Game%20Boy%20Color.zip/1998_Nintendo%20Game%20Boy%20Color%2FMickey_s%20Racing%20Adventure.pdf,3172656,167db6009d0788f1693287323b0b5237,,,Mickey_s Racing Adventure.pdf
docs/GAMEBOY/Game Boy Color Manuals/Mickey's Speedway USA.pdf,https://archive.org/download/mister-manuals/1998_Nintendo%20Game%20Boy%20Color.zip/1998_Nintendo%20Game%20Boy%20Color%2FMickey_s%20Speedway%20USA.pdf,2296002,795256c297d5802a226221364d132b40,,,Mickey_s Speedway USA.pdf
docs/GAMEBOY/Game Boy Color Manuals/Midway presents Arcade Hits - Joust & Defender.pdf,https://archive.org/download/mister-manuals/1998_Nintendo%20Game%20Boy%20Color.zip/1998_Nintendo%20Game%20Boy%20Color%2FMidway%20presents%20Arcade%20Hits%20-%20Joust%20%26%20Defender.pdf,4193644,12f1b403204e996e5814785623f18189,,,Midway presents Arcade Hits - Joust & Defender.pdf
docs/GAMEBOY/Game Boy Color Manuals/Midway presents Arcade Hits - Moon Patrol & Spy Hunter.pdf,https://archive.org/download/mister-manuals/1998_Nintendo%20Game%20Boy%20Color.zip/1998_Nintendo%20Game%20Boy%20Color%2FMidway%20presents%20Arcade%20Hits%20-%20Moon%20Patrol%20%26%20Spy%20Hunter.pdf,5427759,81dc6f0d1f6ac7cb0a7ca92d2a4bceee,,,Midway presents Arcade Hits - Moon Patrol & Spy Hunter.pdf
docs/GAMEBOY/Game Boy Color Manuals/Millennium Winter Sports.pdf,https://archive.org/download/mister-manuals/1998_Nintendo%20Game%20Boy%20Color.zip/1998_Nintendo%20Game%20Boy%20Color%2FMillennium%20Winter%20Sports.pdf,2871747,9d17fef7b06bb8610fff500361bf9ba5,,,Millennium Winter Sports.pdf
docs/GAMEBOY/Game Boy Color Manuals/Missile Command.pdf,https://archive.org/download/mister-manuals/1998_Nintendo%20Game%20Boy%20Color.zip/1998_Nintendo%20Game%20Boy%20Color%2FMissile%20Command.pdf,4931429,63f2ac1c1d957f70363c07a1eaf1976b,,,Missile Command.pdf
docs/GAMEBOY/Game Boy Color Manuals/Mission - Impossible.pdf,https://archive.org/download/mister-manuals/1998_Nintendo%20Game%20Boy%20Color.zip/1998_Nintendo%20Game%20Boy%20Color%2FMission%20-%20Impossible.pdf,2535502,682825288da32f3e895564e3f605ec79,,,Mission - Impossible.pdf
docs/GAMEBOY/Game Boy Color Manuals/Monopoly.pdf,https://archive.org/download/mister-manuals/1998_Nintendo%20Game%20Boy%20Color.zip/1998_Nintendo%20Game%20Boy%20Color%2FMonopoly.pdf,3858833,3d7513ee9f35aae722c43fd76a3882be,,,Monopoly.pdf
docs/GAMEBOY/Game Boy Color Manuals/Monster Rancher Battle Card GB.pdf,https://archive.org/download/mister-manuals/1998_Nintendo%20Game%20Boy%20Color.zip/1998_Nintendo%20Game%20Boy%20Color%2FMonster%20Rancher%20Battle%20Card%20GB.pdf,4545733,9aed07dba9fbcbfe7e418e42acfe8d12,,,Monster Rancher Battle Card GB.pdf
docs/GAMEBOY/Game Boy Color Manuals/Monster Rancher Explorer.pdf,https://archive.org/download/mister-manuals/1998_Nintendo%20Game%20Boy%20Color.zip/1998_Nintendo%20Game%20Boy%20Color%2FMonster%20Rancher%20Explorer.pdf,3840401,2858c77ab1997b7740a61b86d1d55b5a,,,Monster Rancher Explorer.pdf
"docs/GAMEBOY/Game Boy Color Manuals/Monsters, Inc..pdf",https://archive.org/download/mister-manuals/1998_Nintendo%20Game%20Boy%20Color.zip/1998_Nintendo%20Game%20Boy%20Color%2FMonsters%2C%20Inc..pdf,4108123,02019cc8cec3c42785f31ab74f3f1b60,,,"Monsters, Inc..pdf"
docs/GAMEBOY/Game Boy Color Manuals/Montezuma's Return!.pdf,https://archive.org/download/mister-manuals/1998_Nintendo%20Game%20Boy%20Color.zip/1998_Nintendo%20Game%20Boy%20Color%2FMontezuma_s%20Return%21.pdf,1428591,a3106e14fd525d9ede29aac2d77289cd,,,Montezuma_s Return!.pdf
docs/GAMEBOY/Game Boy Color Manuals/Mortal Kombat 4.pdf,https://archive.org/download/mister-manuals/1998_Nintendo%20Game%20Boy%20Color.zip/1998_Nintendo%20Game%20Boy%20Color%2FMortal%20Kombat%204.pdf,4739770,fd4c4ca695a33a215b7efe52a11698b9,,,Mortal Kombat 4.pdf
docs/GAMEBOY/Game Boy Color Manuals/Motocross Maniacs 2.pdf,https://archive.org/download/mister-manuals/1998_Nintendo%20Game%20Boy%20Color.zip/1998_Nintendo%20Game%20Boy%20Color%2FMotocross%20Maniacs%202.pdf,1101238,9c084451f68c84233bc39647d6b98e60,,,Motocross Maniacs 2.pdf
docs/GAMEBOY/Game Boy Color Manuals/Mr. Driller.pdf,https://archive.org/download/mister-manuals/1998_Nintendo%20Game%20Boy%20Color.zip/1998_Nintendo%20Game%20Boy%20Color%2FMr.%20Driller.pdf,838310,2ed8f4c964ccda53aba1426a7e17e0fa,,,Mr. Driller.pdf
docs/GAMEBOY/Game Boy Color Manuals/Ms. Pac-Man - Special Color Edition.pdf,https://archive.org/download/mister-manuals/1998_Nintendo%20Game%20Boy%20Color.zip/1998_Nintendo%20Game%20Boy%20Color%2FMs.%20Pac-Man%20-%20Special%20Color%20Edition.pdf,5024546,d8857aed61529aea0182daccf2169d1c,,,Ms. Pac-Man - Special Color Edition.pdf
"docs/GAMEBOY/Game Boy Color Manuals/Muppets, The.pdf",https://archive.org/download/mister-manuals/1998_Nintendo%20Game%20Boy%20Color.zip/1998_Nintendo%20Game%20Boy%20Color%2FMuppets%2C%20The.pdf,1713143,11f88b888d734a427c7a8db7acf63f44,,,"Muppets, The.pdf"
docs/GAMEBOY/Game Boy Color Manuals/NASCAR 2000.pdf,https://archive.org/download/mister-manuals/1998_Nintendo%20Game%20Boy%20Color.zip/1998_Nintendo%20Game%20Boy%20Color%2FNASCAR%202000.pdf,6437003,1d974a45215ba89309ebbb0071fa5ecb,,,NASCAR 2000.pdf
docs/GAMEBOY/Game Boy Color Manuals/NASCAR Challenge.pdf,https://archive.org/download/mister-manuals/1998_Nintendo%20Game%20Boy%20Color.zip/1998_Nintendo%20Game%20Boy%20Color%2FNASCAR%20Challenge.pdf,3192604,fd509fce5b1225a689708f1a26fb168f,,,NASCAR Challenge.pdf
docs/GAMEBOY/Game Boy Color Manuals/NBA 3 on 3 featuring Kobe Bryant.pdf,https://archive.org/download/mister-manuals/1998_Nintendo%20Game%20Boy%20Color.zip/1998_Nintendo%20Game%20Boy%20Color%2FNBA%203%20on%203%20featuring%20Kobe%20Bryant.pdf,3964542,ece8eaca72302544abbaa7f9dc37db17,,,NBA 3 on 3 featuring Kobe Bryant.pdf
docs/GAMEBOY/Game Boy Color Manuals/NBA Hoopz.pdf,https://archive.org/download/mister-manuals/1998_Nintendo%20Game%20Boy%20Color.zip/1998_Nintendo%20Game%20Boy%20Color%2FNBA%20Hoopz.pdf,2972828,89968a1c3ff045f20daf68b1f7bccf16,,,NBA Hoopz.pdf
docs/GAMEBOY/Game Boy Color Manuals/NBA Jam 99.pdf,https://archive.org/download/mister-manuals/1998_Nintendo%20Game%20Boy%20Color.zip/1998_Nintendo%20Game%20Boy%20Color%2FNBA%20Jam%2099.pdf,4041766,db144a062f6775d9abd383cef5a753b4,,,NBA Jam 99.pdf
docs/GAMEBOY/Game Boy Color Manuals/NBA Showtime - NBA on NBC.pdf,https://archive.org/download/mister-manuals/1998_Nintendo%20Game%20Boy%20Color.zip/1998_Nintendo%20Game%20Boy%20Color%2FNBA%20Showtime%20-%20NBA%20on%20NBC.pdf,3672221,c33d41ca56c50dc3a12da7bb77a3fad7,,,NBA Showtime - NBA on NBC.pdf
docs/GAMEBOY/Game Boy Color Manuals/NBA in the Zone.pdf,https://archive.org/download/mister-manuals/1998_Nintendo%20Game%20Boy%20Color.zip/1998_Nintendo%20Game%20Boy%20Color%2FNBA%20in%20the%20Zone.pdf,2081420,91fd2791b0347e52409cde2c167d4f38,,,NBA in the Zone.pdf
docs/GAMEBOY/Game Boy Color Manuals/NFL Blitz 2000.pdf,https://archive.org/download/mister-manuals/1998_Nintendo%20Game%20Boy%20Color.zip/1998_Nintendo%20Game%20Boy%20Color%2FNFL%20Blitz%202000.pdf,2722950,d682ed30898a75e897c33786ddd7c6a2,,,NFL Blitz 2000.pdf
docs/GAMEBOY/Game Boy Color Manuals/NFL Blitz.pdf,https://archive.org/download/mister-manuals/1998_Nintendo%20Game%20Boy%20Color.zip/1998_Nintendo%20Game%20Boy%20Color%2FNFL%20Blitz.pdf,4828904,4edf555106f2ef50dd721eedf6f9b7c9,,,NFL Blitz.pdf
docs/GAMEBOY/Game Boy Color Manuals/NHL Blades of Steel.pdf,https://archive.org/download/mister-manuals/1998_Nintendo%20Game%20Boy%20Color.zip/1998_Nintendo%20Game%20Boy%20Color%2FNHL%20Blades%20of%20Steel.pdf,2326963,d4439b87d8bb67d0457ea9b8e6ca7e09,,,NHL Blades of Steel.pdf
docs/GAMEBOY/Game Boy Color Manuals/NSYNC - Get to the Show.pdf,https://archive.org/download/mister-manuals/1998_Nintendo%20Game%20Boy%20Color.zip/1998_Nintendo%20Game%20Boy%20Color%2FNSYNC%20-%20Get%20to%20the%20Show.pdf,4337185,b8c0329c8e73a730d989294271124d3e,,,NSYNC - Get to the Show.pdf
docs/GAMEBOY/Game Boy Color Manuals/NYR - New York Race.pdf,https://archive.org/download/mister-manuals/1998_Nintendo%20Game%20Boy%20Color.zip/1998_Nintendo%20Game%20Boy%20Color%2FNYR%20-%20New%20York%20Race.pdf,1323038,fe2bc4f6849927475ea488f03d7468b0,,,NYR - New York Race.pdf
"docs/GAMEBOY/Game Boy Color Manuals/New Adventures of Mary-Kate and Ashley, The.pdf",https://archive.org/download/mister-manuals/1998_Nintendo%20Game%20Boy%20Color.zip/1998_Nintendo%20Game%20Boy%20Color%2FNew%20Adventures%20of%20Mary-Kate%20and%20Ashley%2C%20The.pdf,2327554,601f0272f9302aabdce7a83b5ac7c640,,,"New Adventures of Mary-Kate and Ashley, The.pdf"
docs/GAMEBOY/Game Boy Color Manuals/Nicktoons Racing.pdf,https://archive.org/download/mister-manuals/1998_Nintendo%20Game%20Boy%20Color.zip/1998_Nintendo%20Game%20Boy%20Color%2FNicktoons%20Racing.pdf,3261110,22adc2730816319948a9e8680b2838fe,,,Nicktoons Racing.pdf
docs/GAMEBOY/Game Boy Color Manuals/Pac-Man - Special Color Edition.pdf,https://archive.org/download/mister-manuals/1998_Nintendo%20Game%20Boy%20Color.zip/1998_Nintendo%20Game%20Boy%20Color%2FPac-Man%20-%20Special%20Color%20Edition.pdf,4871772,e0edc50660b729115f1bf91ea4b9c6e9,,,Pac-Man - Special Color Edition.pdf
docs/GAMEBOY/Game Boy Color Manuals/Paperboy.pdf,https://archive.org/download/mister-manuals/1998_Nintendo%20Game%20Boy%20Color.zip/1998_Nintendo%20Game%20Boy%20Color%2FPaperboy.pdf,1823003,e22dd291cb0c8ff19ce03c20524630b6,,,Paperboy.pdf
docs/GAMEBOY/Game Boy Color Manuals/Perfect Dark.pdf,https://archive.org/download/mister-manuals/1998_Nintendo%20Game%20Boy%20Color.zip/1998_Nintendo%20Game%20Boy%20Color%2FPerfect%20Dark.pdf,2884640,bb9d4813b880315ffbe92f25824f63ee,,,Perfect Dark.pdf
docs/GAMEBOY/Game Boy Color Manuals/Pitfall - Beyond the Jungle.pdf,https://archive.org/download/mister-manuals/1998_Nintendo%20Game%20Boy%20Color.zip/1998_Nintendo%20Game%20Boy%20Color%2FPitfall%20-%20Beyond%20the%20Jungle.pdf,4548163,3e72be4f851fdb1a6405d98f279c7455,,,Pitfall - Beyond the Jungle.pdf
docs/GAMEBOY/Game Boy Color Manuals/Planet of the Apes.pdf,https://archive.org/download/mister-manuals/1998_Nintendo%20Game%20Boy%20Color.zip/1998_Nintendo%20Game%20Boy%20Color%2FPlanet%20of%20the%20Apes.pdf,1092574,e72a7bba29aa75f8bbf58258022d0680,,,Planet of the Apes.pdf
docs/GAMEBOY/Game Boy Color Manuals/Pocket Bowling.pdf,https://archive.org/download/mister-manuals/1998_Nintendo%20Game%20Boy%20Color.zip/1998_Nintendo%20Game%20Boy%20Color%2FPocket%20Bowling.pdf,4134267,ae2622fe115efaf2be97be7e1fa85e92,,,Pocket Bowling.pdf
docs/GAMEBOY/Game Boy Color Manuals/Pokemon - Gold Version.pdf,https://archive.org/download/mister-manuals/1998_Nintendo%20Game%20Boy%20Color.zip/1998_Nintendo%20Game%20Boy%20Color%2FPokemon%20-%20Gold%20Version.pdf,4339626,23385253eab84da248d297b58c147c12,,,Pokemon - Gold Version.pdf
docs/GAMEBOY/Game Boy Color Manuals/Pokemon - Silver Version.pdf,https://archive.org/download/mister-manuals/1998_Nintendo%20Game%20Boy%20Color.zip/1998_Nintendo%20Game%20Boy%20Color%2FPokemon%20-%20Silver%20Version.pdf,4500642,f9b00e5dfa5d201f46a5551070d23609,,,Pokemon - Silver Version.pdf
docs/GAMEBOY/Game Boy Color Manuals/Pokemon Pinball.pdf,https://archive.org/download/mister-manuals/1998_Nintendo%20Game%20Boy%20Color.zip/1998_Nintendo%20Game%20Boy%20Color%2FPokemon%20Pinball.pdf,6228721,5f44cb7c5d03f23f798a54a1a26c75c2,,,Pokemon Pinball.pdf
docs/GAMEBOY/Game Boy Color Manuals/Pokemon Puzzle Challenge.pdf,https://archive.org/download/mister-manuals/1998_Nintendo%20Game%20Boy%20Color.zip/1998_Nintendo%20Game%20Boy%20Color%2FPokemon%20Puzzle%20Challenge.pdf,4217712,8b2e3ee7a2be4a59341c7a489aee05a3,,,Pokemon Puzzle Challenge.pdf
docs/GAMEBOY/Game Boy Color Manuals/Pokemon Trading Card Game.pdf,https://archive.org/download/mister-manuals/1998_Nintendo%20Game%20Boy%20Color.zip/1998_Nintendo%20Game%20Boy%20Color%2FPokemon%20Trading%20Card%20Game.pdf,6521083,fb9ffdecb6cb59984761fab1e12d1970,,,Pokemon Trading Card Game.pdf
docs/GAMEBOY/Game Boy Color Manuals/Polaris SnoCross.pdf,https://archive.org/download/mister-manuals/1998_Nintendo%20Game%20Boy%20Color.zip/1998_Nintendo%20Game%20Boy%20Color%2FPolaris%20SnoCross.pdf,5082956,e33464694f8f4b8d6001eed4e1dd0196,,,Polaris SnoCross.pdf
docs/GAMEBOY/Game Boy Color Manuals/Pong - The Next Level.pdf,https://archive.org/download/mister-manuals/1998_Nintendo%20Game%20Boy%20Color.zip/1998_Nintendo%20Game%20Boy%20Color%2FPong%20-%20The%20Next%20Level.pdf,4979862,ff8043ff93a0315576e6385d7440bfba,,,Pong - The Next Level.pdf
docs/GAMEBOY/Game Boy Color Manuals/Power Quest.pdf,https://archive.org/download/mister-manuals/1998_Nintendo%20Game%20Boy%20Color.zip/1998_Nintendo%20Game%20Boy%20Color%2FPower%20Quest.pdf,2352376,dbedce29de9c255e3c2f5b710e404bd1,,,Power Quest.pdf
docs/GAMEBOY/Game Boy Color Manuals/Power Rangers - Lightspeed Rescue.pdf,https://archive.org/download/mister-manuals/1998_Nintendo%20Game%20Boy%20Color.zip/1998_Nintendo%20Game%20Boy%20Color%2FPower%20Rangers%20-%20Lightspeed%20Rescue.pdf,4448721,57388852c8cba021bea0f12fc033e120,,,Power Rangers - Lightspeed Rescue.pdf
docs/GAMEBOY/Game Boy Color Manuals/Power Rangers - Time Force.pdf,https://archive.org/download/mister-manuals/1998_Nintendo%20Game%20Boy%20Color.zip/1998_Nintendo%20Game%20Boy%20Color%2FPower%20Rangers%20-%20Time%20Force.pdf,5889379,b13444b5eb9ed4a02ec2df40a521368e,,,Power Rangers - Time Force.pdf
docs/GAMEBOY/Game Boy Color Manuals/Power Spike - Pro Beach Volleyball.pdf,https://archive.org/download/mister-manuals/1998_Nintendo%20Game%20Boy%20Color.zip/1998_Nintendo%20Game%20Boy%20Color%2FPower%20Spike%20-%20Pro%20Beach%20Volleyball.pdf,3780254,1c0edffdee369e54b0435db0c30491eb,,,Power Spike - Pro Beach Volleyball.pdf
"docs/GAMEBOY/Game Boy Color Manuals/Powerpuff Girls, The - Bad Mojo Jojo.pdf",https://archive.org/download/mister-manuals/1998_Nintendo%20Game%20Boy%20Color.zip/1998_Nintendo%20Game%20Boy%20Color%2FPowerpuff%20Girls%2C%20The%20-%20Bad%20Mojo%20Jojo.pdf,3673014,01c9884e906682a5ec550399cc4a08f8,,,"Powerpuff Girls, The - Bad Mojo Jojo.pdf"
"docs/GAMEBOY/Game Boy Color Manuals/Powerpuff Girls, The - Paint the Townsville Green.pdf",https://archive.org/download/mister-manuals/1998_Nintendo%20Game%20Boy%20Color.zip/1998_Nintendo%20Game%20Boy%20Color%2FPowerpuff%20Girls%2C%20The%20-%20Paint%20the%20Townsville%20Green.pdf,4397255,03a4cef7d43568e38f670e3f40c52724,,,"Powerpuff Girls, The - Paint the Townsville Green.pdf"
docs/GAMEBOY/Game Boy Color Manuals/Prince of Persia.pdf,https://archive.org/download/mister-manuals/1998_Nintendo%20Game%20Boy%20Color.zip/1998_Nintendo%20Game%20Boy%20Color%2FPrince%20of%20Persia.pdf,2063850,03dbadf84118dd2aa5fe23a58dd8b2bd,,,Prince of Persia.pdf
docs/GAMEBOY/Game Boy Color Manuals/Puzzled.pdf,https://archive.org/download/mister-manuals/1998_Nintendo%20Game%20Boy%20Color.zip/1998_Nintendo%20Game%20Boy%20Color%2FPuzzled.pdf,2370718,40648c128f3d9b78dd85224faa16fd67,,,Puzzled.pdf
docs/GAMEBOY/Game Boy Color Manuals/Q'bert.pdf,https://archive.org/download/mister-manuals/1998_Nintendo%20Game%20Boy%20Color.zip/1998_Nintendo%20Game%20Boy%20Color%2FQ_bert.pdf,2478854,8cc51287addbb8b766338c330ef82c92,,,Q_bert.pdf
docs/GAMEBOY/Game Boy Color Manuals/Quest - Fantasy Challenge.pdf,https://archive.org/download/mister-manuals/1998_Nintendo%20Game%20Boy%20Color.zip/1998_Nintendo%20Game%20Boy%20Color%2FQuest%20-%20Fantasy%20Challenge.pdf,784957,bfcf4a8e61d8c7a03f53722ca7f86e37,,,Quest - Fantasy Challenge.pdf
docs/GAMEBOY/Game Boy Color Manuals/Quest for Camelot.pdf,https://archive.org/download/mister-manuals/1998_Nintendo%20Game%20Boy%20Color.zip/1998_Nintendo%20Game%20Boy%20Color%2FQuest%20for%20Camelot.pdf,2643266,a19210c3e9705b9b2ce5080e931d8c2c,,,Quest for Camelot.pdf
docs/GAMEBOY/Game Boy Color Manuals/R-Type DX.pdf,https://archive.org/download/mister-manuals/1998_Nintendo%20Game%20Boy%20Color.zip/1998_Nintendo%20Game%20Boy%20Color%2FR-Type%20DX.pdf,3767194,6786a014b326907ed953c6ea5affd6e6,,,R-Type DX.pdf
docs/GAMEBOY/Game Boy Color Manuals/Rampage - World Tour.pdf,https://archive.org/download/mister-manuals/1998_Nintendo%20Game%20Boy%20Color.zip/1998_Nintendo%20Game%20Boy%20Color%2FRampage%20-%20World%20Tour.pdf,4533595,02537ed3107f6ceb90a949184cb8a453,,,Rampage - World Tour.pdf
docs/GAMEBOY/Game Boy Color Manuals/Rats!.pdf,https://archive.org/download/mister-manuals/1998_Nintendo%20Game%20Boy%20Color.zip/1998_Nintendo%20Game%20Boy%20Color%2FRats%21.pdf,3486712,f6163f8d6752811ed15a53b69567fe79,,,Rats!.pdf
docs/GAMEBOY/Game Boy Color Manuals/Rayman.pdf,https://archive.org/download/mister-manuals/1998_Nintendo%20Game%20Boy%20Color.zip/1998_Nintendo%20Game%20Boy%20Color%2FRayman.pdf,4150260,15b6ea0f448c6dfcff435a8539b55a4e,,,Rayman.pdf
docs/GAMEBOY/Game Boy Color Manuals/Razor Freestyle Scooter.pdf,https://archive.org/download/mister-manuals/1998_Nintendo%20Game%20Boy%20Color.zip/1998_Nintendo%20Game%20Boy%20Color%2FRazor%20Freestyle%20Scooter.pdf,1664552,bdc563ac428917eddc4ed3453ed624e0,,,Razor Freestyle Scooter.pdf
docs/GAMEBOY/Game Boy Color Manuals/Ready 2 Rumble Boxing.pdf,https://archive.org/download/mister-manuals/1998_Nintendo%20Game%20Boy%20Color.zip/1998_Nintendo%20Game%20Boy%20Color%2FReady%202%20Rumble%20Boxing.pdf,3335974,ed3e9625f7e7596095e69d4befb3cc11,,,Ready 2 Rumble Boxing.pdf
docs/GAMEBOY/Game Boy Color Manuals/Rescue Heroes - Fire Frenzy.pdf,https://archive.org/download/mister-manuals/1998_Nintendo%20Game%20Boy%20Color.zip/1998_Nintendo%20Game%20Boy%20Color%2FRescue%20Heroes%20-%20Fire%20Frenzy.pdf,3807314,4eb504a4eb2c4789c5fa5c41a9ea990f,,,Rescue Heroes - Fire Frenzy.pdf
docs/GAMEBOY/Game Boy Color Manuals/Resident Evil Gaiden.pdf,https://archive.org/download/mister-manuals/1998_Nintendo%20Game%20Boy%20Color.zip/1998_Nintendo%20Game%20Boy%20Color%2FResident%20Evil%20Gaiden.pdf,3915757,ae5cbf9564df53e4bb746efd953420f4,,,Resident Evil Gaiden.pdf
docs/GAMEBOY/Game Boy Color Manuals/Revelations - The Demon Slayer.pdf,https://archive.org/download/mister-manuals/1998_Nintendo%20Game%20Boy%20Color.zip/1998_Nintendo%20Game%20Boy%20Color%2FRevelations%20-%20The%20Demon%20Slayer.pdf,2167795,05e57b0669c9590ff4a1f3ad6b5c8849,,,Revelations - The Demon Slayer.pdf
docs/GAMEBOY/Game Boy Color Manuals/Road Champs - BXS Stunt Biking.pdf,https://archive.org/download/mister-manuals/1998_Nintendo%20Game%20Boy%20Color.zip/1998_Nintendo%20Game%20Boy%20Color%2FRoad%20Champs%20-%20BXS%20Stunt%20Biking.pdf,5394669,e4ca2ed907cba67670bf050c8cd98148,,,Road Champs - BXS Stunt Biking.pdf
docs/GAMEBOY/Game Boy Color Manuals/Road Rash.pdf,https://archive.org/download/mister-manuals/1998_Nintendo%20Game%20Boy%20Color.zip/1998_Nintendo%20Game%20Boy%20Color%2FRoad%20Rash.pdf,2405688,bf4ddaecfa2a1ee20d51b362d528a2dc,,,Road Rash.pdf
docs/GAMEBOY/Game Boy Color Manuals/Roadsters Trophy.pdf,https://archive.org/download/mister-manuals/1998_Nintendo%20Game%20Boy%20Color.zip/1998_Nintendo%20Game%20Boy%20Color%2FRoadsters%20Trophy.pdf,3601586,e97cd153518c49385146c19aa7a4bafb,,,Roadsters Trophy.pdf
docs/GAMEBOY/Game Boy Color Manuals/Robot Wars - Metal Mayhem.pdf,https://archive.org/download/mister-manuals/1998_Nintendo%20Game%20Boy%20Color.zip/1998_Nintendo%20Game%20Boy%20Color%2FRobot%20Wars%20-%20Metal%20Mayhem.pdf,2287008,9b4f9bc84392cb3e3fd2f784de52a5be,,,Robot Wars - Metal Mayhem.pdf
docs/GAMEBOY/Game Boy Color Manuals/Rocket Power - Gettin' Air.pdf,https://archive.org/download/mister-manuals/1998_Nintendo%20Game%20Boy%20Color.zip/1998_Nintendo%20Game%20Boy%20Color%2FRocket%20Power%20-%20Gettin_%20Air.pdf,4294742,4f464dc19679073aea6fa9c3c3b48144,,,Rocket Power - Gettin_ Air.pdf
docs/GAMEBOY/Game Boy Color Manuals/Rox.pdf,https://archive.org/download/mister-manuals/1998_Nintendo%20Game%20Boy%20Color.zip/1998_Nintendo%20Game%20Boy%20Color%2FRox.pdf,1812185,19efecab0bfe492578beab836ec8ef08,,,Rox.pdf
docs/GAMEBOY/Game Boy Color Manuals/Rugrats - Time Travelers.pdf,https://archive.org/download/mister-manuals/1998_Nintendo%20Game%20Boy%20Color.zip/1998_Nintendo%20Game%20Boy%20Color%2FRugrats%20-%20Time%20Travelers.pdf,4959237,dcd88d5497d26251f0b81a6bff32d157,,,Rugrats - Time Travelers.pdf
docs/GAMEBOY/Game Boy Color Manuals/Rugrats - Totally Angelica.pdf,https://archive.org/download/mister-manuals/1998_Nintendo%20Game%20Boy%20Color.zip/1998_Nintendo%20Game%20Boy%20Color%2FRugrats%20-%20Totally%20Angelica.pdf,5600917,8456ba42313fa81737334b52bc9d6e26,,,Rugrats - Totally Angelica.pdf
"docs/GAMEBOY/Game Boy Color Manuals/Rugrats Movie, The.pdf",https://archive.org/download/mister-manuals/1998_Nintendo%20Game%20Boy%20Color.zip/1998_Nintendo%20Game%20Boy%20Color%2FRugrats%20Movie%2C%20The.pdf,5012302,b9471452c5551d37c726798347dfaf13,,,"Rugrats Movie, The.pdf"
docs/GAMEBOY/Game Boy Color Manuals/Rugrats in Paris - The Movie.pdf,https://archive.org/download/mister-manuals/1998_Nintendo%20Game%20Boy%20Color.zip/1998_Nintendo%20Game%20Boy%20Color%2FRugrats%20in%20Paris%20-%20The%20Movie.pdf,4793332,8fb7a8f1d3a048ee04879a658e942e3a,,,Rugrats in Paris - The Movie.pdf
docs/GAMEBOY/Game Boy Color Manuals/Sabrina the Animated Series - Spooked!.pdf,https://archive.org/download/mister-manuals/1998_Nintendo%20Game%20Boy%20Color.zip/1998_Nintendo%20Game%20Boy%20Color%2FSabrina%20the%20Animated%20Series%20-%20Spooked%21.pdf,2563332,5419d1db9028b31bb2c54f47e1ccdc4c,,,Sabrina the Animated Series - Spooked!.pdf
docs/GAMEBOY/Game Boy Color Manuals/Sabrina the Animated Series - Zapped!.pdf,https://archive.org/download/mister-manuals/1998_Nintendo%20Game%20Boy%20Color.zip/1998_Nintendo%20Game%20Boy%20Color%2FSabrina%20the%20Animated%20Series%20-%20Zapped%21.pdf,2546400,6134f962c51954ff0fa407ebc956dfa4,,,Sabrina the Animated Series - Zapped!.pdf
docs/GAMEBOY/Game Boy Color Manuals/San Francisco Rush 2049.pdf,https://archive.org/download/mister-manuals/1998_Nintendo%20Game%20Boy%20Color.zip/1998_Nintendo%20Game%20Boy%20Color%2FSan%20Francisco%20Rush%202049.pdf,2320111,ef4752626ce1f6984be698090f5284fd,,,San Francisco Rush 2049.pdf
docs/GAMEBOY/Game Boy Color Manuals/Scooby-Doo - Classic Creep Capers.pdf,https://archive.org/download/mister-manuals/1998_Nintendo%20Game%20Boy%20Color.zip/1998_Nintendo%20Game%20Boy%20Color%2FScooby-Doo%20-%20Classic%20Creep%20Capers.pdf,6723372,6c41a3474c7f4daa9e6c0b0c123d52b5,,,Scooby-Doo - Classic Creep Capers.pdf
docs/GAMEBOY/Game Boy Color Manuals/Sesame Street - Elmo's 123s.pdf,https://archive.org/download/mister-manuals/1998_Nintendo%20Game%20Boy%20Color.zip/1998_Nintendo%20Game%20Boy%20Color%2FSesame%20Street%20-%20Elmo_s%20123s.pdf,2309251,c251cd2d74bf2bae5ce273f9b65bb0f0,,,Sesame Street - Elmo_s 123s.pdf
docs/GAMEBOY/Game Boy Color Manuals/Sesame Street - Elmo's ABCs.pdf,https://archive.org/download/mister-manuals/1998_Nintendo%20Game%20Boy%20Color.zip/1998_Nintendo%20Game%20Boy%20Color%2FSesame%20Street%20-%20Elmo_s%20ABCs.pdf,2346560,2d75c2e1fdc63d12a7abaa292711352e,,,Sesame Street - Elmo_s ABCs.pdf
docs/GAMEBOY/Game Boy Color Manuals/Sesame Street Sports.pdf,https://archive.org/download/mister-manuals/1998_Nintendo%20Game%20Boy%20Color.zip/1998_Nintendo%20Game%20Boy%20Color%2FSesame%20Street%20Sports.pdf,2612692,043b727c93463a93c70f82e20b69add0,,,Sesame Street Sports.pdf
docs/GAMEBOY/Game Boy Color Manuals/Shadowgate Classic.pdf,https://archive.org/download/mister-manuals/1998_Nintendo%20Game%20Boy%20Color.zip/1998_Nintendo%20Game%20Boy%20Color%2FShadowgate%20Classic.pdf,2452284,6fb42999617f7d1df13abe8f0bbbe53c,,,Shadowgate Classic.pdf
docs/GAMEBOY/Game Boy Color Manuals/Shamus.pdf,https://archive.org/download/mister-manuals/1998_Nintendo%20Game%20Boy%20Color.zip/1998_Nintendo%20Game%20Boy%20Color%2FShamus.pdf,4143706,2d2a992d4ab4139cc15e01619028b860,,,Shamus.pdf
docs/GAMEBOY/Game Boy Color Manuals/Shanghai Pocket.pdf,https://archive.org/download/mister-manuals/1998_Nintendo%20Game%20Boy%20Color.zip/1998_Nintendo%20Game%20Boy%20Color%2FShanghai%20Pocket.pdf,4929938,e7a6928719f0e6ad5f70561ac00eb654,,,Shanghai Pocket.pdf
docs/GAMEBOY/Game Boy Color Manuals/Shantae.pdf,https://archive.org/download/mister-manuals/1998_Nintendo%20Game%20Boy%20Color.zip/1998_Nintendo%20Game%20Boy%20Color%2FShantae.pdf,2272559,fecad54c3c7794fa47c20cc1f7a308be,,,Shantae.pdf
docs/GAMEBOY/Game Boy Color Manuals/Shaun Palmer's Pro Snowboarder.pdf,https://archive.org/download/mister-manuals/1998_Nintendo%20Game%20Boy%20Color.zip/1998_Nintendo%20Game%20Boy%20Color%2FShaun%20Palmer_s%20Pro%20Snowboarder.pdf,3671391,62b015ee26385a84ae268339de74f2be,,,Shaun Palmer_s Pro Snowboarder.pdf
docs/GAMEBOY/Game Boy Color Manuals/Shrek - Fairy Tale Freakdown.pdf,https://archive.org/download/mister-manuals/1998_Nintendo%20Game%20Boy%20Color.zip/1998_Nintendo%20Game%20Boy%20Color%2FShrek%20-%20Fairy%20Tale%20Freakdown.pdf,4775618,fd2a19714e602c4f2130b3f17f82586b,,,Shrek - Fairy Tale Freakdown.pdf
"docs/GAMEBOY/Game Boy Color Manuals/Simpsons, The - Night of the Living Treehouse of Horror.pdf",https://archive.org/download/mister-manuals/1998_Nintendo%20Game%20Boy%20Color.zip/1998_Nintendo%20Game%20Boy%20Color%2FSimpsons%2C%20The%20-%20Night%20of%20the%20Living%20Treehouse%20of%20Horror.pdf,5030377,f9834a38f8fe523ff8f5acebdb721cef,,,"Simpsons, The - Night of the Living Treehouse of Horror.pdf"
"docs/GAMEBOY/Game Boy Color Manuals/Smurfs' Nightmare, The.pdf",https://archive.org/download/mister-manuals/1998_Nintendo%20Game%20Boy%20Color.zip/1998_Nintendo%20Game%20Boy%20Color%2FSmurfs_%20Nightmare%2C%20The.pdf,4518210,76d6ff935c7b49195395407d3ebcd2c3,,,"Smurfs_ Nightmare, The.pdf"
docs/GAMEBOY/Game Boy Color Manuals/Snoopy Tennis.pdf,https://archive.org/download/mister-manuals/1998_Nintendo%20Game%20Boy%20Color.zip/1998_Nintendo%20Game%20Boy%20Color%2FSnoopy%20Tennis.pdf,4383977,0bea4ea772a2cb6a0380e7002a4807b9,,,Snoopy Tennis.pdf
docs/GAMEBOY/Game Boy Color Manuals/Space Invaders.pdf,https://archive.org/download/mister-manuals/1998_Nintendo%20Game%20Boy%20Color.zip/1998_Nintendo%20Game%20Boy%20Color%2FSpace%20Invaders.pdf,4638638,972e97f22f5205c9a1e86d0231b5a704,,,Space Invaders.pdf
docs/GAMEBOY/Game Boy Color Manuals/Speedy Gonzales - Aztec Adventure.pdf,https://archive.org/download/mister-manuals/1998_Nintendo%20Game%20Boy%20Color.zip/1998_Nintendo%20Game%20Boy%20Color%2FSpeedy%20Gonzales%20-%20Aztec%20Adventure.pdf,967557,10358ef5e2395415a9390adc7c1e1e2d,,,Speedy Gonzales - Aztec Adventure.pdf
docs/GAMEBOY/Game Boy Color Manuals/Spider-Man 2 - The Sinister Six.pdf,https://archive.org/download/mister-manuals/1998_Nintendo%20Game%20Boy%20Color.zip/1998_Nintendo%20Game%20Boy%20Color%2FSpider-Man%202%20-%20The%20Sinister%20Six.pdf,4237571,d98a787265e61c7e0141a3d144e80719,,,Spider-Man 2 - The Sinister Six.pdf
docs/GAMEBOY/Game Boy Color Manuals/Spider-Man.pdf,https://archive.org/download/mister-manuals/1998_Nintendo%20Game%20Boy%20Color.zip/1998_Nintendo%20Game%20Boy%20Color%2FSpider-Man.pdf,4894897,55aa5d007af235f59470af67fa607742,,,Spider-Man.pdf
docs/GAMEBOY/Game Boy Color Manuals/SpongeBob SquarePants - Legend of the Lost Spatula.pdf,https://archive.org/download/mister-manuals/1998_Nintendo%20Game%20Boy%20Color.zip/1998_Nintendo%20Game%20Boy%20Color%2FSpongeBob%20SquarePants%20-%20Legend%20of%20the%20Lost%20Spatula.pdf,5064456,144a143e57cde1a4d96e2e1f786ca0d6,,,SpongeBob SquarePants - Legend of the Lost Spatula.pdf
docs/GAMEBOY/Game Boy Color Manuals/Spy vs. Spy.pdf,https://archive.org/download/mister-manuals/1998_Nintendo%20Game%20Boy%20Color.zip/1998_Nintendo%20Game%20Boy%20Color%2FSpy%20vs.%20Spy.pdf,4936265,228c3b9bdcdd5169be6eb8e4e654a96e,,,Spy vs. Spy.pdf
docs/GAMEBOY/Game Boy Color Manuals/Star Wars Episode I - Obi-Wan's Adventures.pdf,https://archive.org/download/mister-manuals/1998_Nintendo%20Game%20Boy%20Color.zip/1998_Nintendo%20Game%20Boy%20Color%2FStar%20Wars%20Episode%20I%20-%20Obi-Wan_s%20Adventures.pdf,2265218,445449c0b66576461843b24fefc0c1ce,,,Star Wars Episode I - Obi-Wan_s Adventures.pdf
docs/GAMEBOY/Game Boy Color Manuals/Star Wars Episode I - Racer.pdf,https://archive.org/download/mister-manuals/1998_Nintendo%20Game%20Boy%20Color.zip/1998_Nintendo%20Game%20Boy%20Color%2FStar%20Wars%20Episode%20I%20-%20Racer.pdf,4368417,98dc83050af1606f1815af7e76609b65,,,Star Wars Episode I - Racer.pdf
docs/GAMEBOY/Game Boy Color Manuals/Street Fighter Alpha - Warriors' Dreams.pdf,https://archive.org/download/mister-manuals/1998_Nintendo%20Game%20Boy%20Color.zip/1998_Nintendo%20Game%20Boy%20Color%2FStreet%20Fighter%20Alpha%20-%20Warriors_%20Dreams.pdf,1412132,8af35a1989b1c55935d4f8d2a8d068f8,,,Street Fighter Alpha - Warriors_ Dreams.pdf
docs/GAMEBOY/Game Boy Color Manuals/Stuart Little - The Journey Home.pdf,https://archive.org/download/mister-manuals/1998_Nintendo%20Game%20Boy%20Color.zip/1998_Nintendo%20Game%20Boy%20Color%2FStuart%20Little%20-%20The%20Journey%20Home.pdf,3740060,f5098974827db0588c6d67de1aa96a18,,,Stuart Little - The Journey Home.pdf
docs/GAMEBOY/Game Boy Color Manuals/Super Breakout!.pdf,https://archive.org/download/mister-manuals/1998_Nintendo%20Game%20Boy%20Color.zip/1998_Nintendo%20Game%20Boy%20Color%2FSuper%20Breakout%21.pdf,4225210,e970ff55bc489c851c4929245cba888e,,,Super Breakout!.pdf
docs/GAMEBOY/Game Boy Color Manuals/Super Mario Bros. Deluxe.pdf,https://archive.org/download/mister-manuals/1998_Nintendo%20Game%20Boy%20Color.zip/1998_Nintendo%20Game%20Boy%20Color%2FSuper%20Mario%20Bros.%20Deluxe.pdf,4469336,957361c916efa94aec29b5cdd72b3b36,,,Super Mario Bros. Deluxe.pdf
docs/GAMEBOY/Game Boy Color Manuals/Survival Kids.pdf,https://archive.org/download/mister-manuals/1998_Nintendo%20Game%20Boy%20Color.zip/1998_Nintendo%20Game%20Boy%20Color%2FSurvival%20Kids.pdf,5001052,ccce9de0598556003697f5b76d7ba268,,,Survival Kids.pdf
docs/GAMEBOY/Game Boy Color Manuals/TNN Outdoors Fishing Champ.pdf,https://archive.org/download/mister-manuals/1998_Nintendo%20Game%20Boy%20Color.zip/1998_Nintendo%20Game%20Boy%20Color%2FTNN%20Outdoors%20Fishing%20Champ.pdf,4072200,a1317744ad45a13d8af5570e35475c7f,,,TNN Outdoors Fishing Champ.pdf
docs/GAMEBOY/Game Boy Color Manuals/Tarzan.pdf,https://archive.org/download/mister-manuals/1998_Nintendo%20Game%20Boy%20Color.zip/1998_Nintendo%20Game%20Boy%20Color%2FTarzan.pdf,4519808,1d202282de16378c7059ee4695f44707,,,Tarzan.pdf
docs/GAMEBOY/Game Boy Color Manuals/Tech Deck Skateboarding.pdf,https://archive.org/download/mister-manuals/1998_Nintendo%20Game%20Boy%20Color.zip/1998_Nintendo%20Game%20Boy%20Color%2FTech%20Deck%20Skateboarding.pdf,4199139,685f000f7626d1ea8146c25ff91e3620,,,Tech Deck Skateboarding.pdf
docs/GAMEBOY/Game Boy Color Manuals/Test Drive 6.pdf,https://archive.org/download/mister-manuals/1998_Nintendo%20Game%20Boy%20Color.zip/1998_Nintendo%20Game%20Boy%20Color%2FTest%20Drive%206.pdf,2393759,1d1ede47df055ffd2b2f13b82f32072a,,,Test Drive 6.pdf
docs/GAMEBOY/Game Boy Color Manuals/Test Drive Cycles.pdf,https://archive.org/download/mister-manuals/1998_Nintendo%20Game%20Boy%20Color.zip/1998_Nintendo%20Game%20Boy%20Color%2FTest%20Drive%20Cycles.pdf,4736897,010b507b1946cacd55b54411479bc65b,,,Test Drive Cycles.pdf
docs/GAMEBOY/Game Boy Color Manuals/Test Drive Le Mans.pdf,https://archive.org/download/mister-manuals/1998_Nintendo%20Game%20Boy%20Color.zip/1998_Nintendo%20Game%20Boy%20Color%2FTest%20Drive%20Le%20Mans.pdf,2926408,8618d7a906563b20dd33b891bad335c4,,,Test Drive Le Mans.pdf
docs/GAMEBOY/Game Boy Color Manuals/Tetris DX.pdf,https://archive.org/download/mister-manuals/1998_Nintendo%20Game%20Boy%20Color.zip/1998_Nintendo%20Game%20Boy%20Color%2FTetris%20DX.pdf,4795088,da64e77c4d8708115a4847734ff8954b,,,Tetris DX.pdf
docs/GAMEBOY/Game Boy Color Manuals/Tiger Woods PGA Tour 2000.pdf,https://archive.org/download/mister-manuals/1998_Nintendo%20Game%20Boy%20Color.zip/1998_Nintendo%20Game%20Boy%20Color%2FTiger%20Woods%20PGA%20Tour%202000.pdf,5063596,f27c364441807e6e27cb5e2e045d35e0,,,Tiger Woods PGA Tour 2000.pdf
docs/GAMEBOY/Game Boy Color Manuals/Tom Clancy's Rainbow Six.pdf,https://archive.org/download/mister-manuals/1998_Nintendo%20Game%20Boy%20Color.zip/1998_Nintendo%20Game%20Boy%20Color%2FTom%20Clancy_s%20Rainbow%20Six.pdf,5298303,6215e79ab15f0c94b48625d5519b38b6,,,Tom Clancy_s Rainbow Six.pdf
docs/GAMEBOY/Game Boy Color Manuals/Tom and Jerry - Mouse Hunt.pdf,https://archive.org/download/mister-manuals/1998_Nintendo%20Game%20Boy%20Color.zip/1998_Nintendo%20Game%20Boy%20Color%2FTom%20and%20Jerry%20-%20Mouse%20Hunt.pdf,5072846,e8fde57e080b513f404454533dc2fcea,,,Tom and Jerry - Mouse Hunt.pdf
docs/GAMEBOY/Game Boy Color Manuals/Tom and Jerry.pdf,https://archive.org/download/mister-manuals/1998_Nintendo%20Game%20Boy%20Color.zip/1998_Nintendo%20Game%20Boy%20Color%2FTom%20and%20Jerry.pdf,2585780,d9b5ddf9116479ef256febbb7e65f556,,,Tom and Jerry.pdf
docs/GAMEBOY/Game Boy Color Manuals/Tomb Raider - Curse of the Sword.pdf,https://archive.org/download/mister-manuals/1998_Nintendo%20Game%20Boy%20Color.zip/1998_Nintendo%20Game%20Boy%20Color%2FTomb%20Raider%20-%20Curse%20of%20the%20Sword.pdf,3460038,483dd16ffc0e06860a5a9e7c7c5157a7,,,Tomb Raider - Curse of the Sword.pdf
docs/GAMEBOY/Game Boy Color Manuals/Tonka Construction Site.pdf,https://archive.org/download/mister-manuals/1998_Nintendo%20Game%20Boy%20Color.zip/1998_Nintendo%20Game%20Boy%20Color%2FTonka%20Construction%20Site.pdf,3871760,0a01d69c1b5134fa13d2e34a59c211df,,,Tonka Construction Site.pdf
docs/GAMEBOY/Game Boy Color Manuals/Tonka Raceway.pdf,https://archive.org/download/mister-manuals/1998_Nintendo%20Game%20Boy%20Color.zip/1998_Nintendo%20Game%20Boy%20Color%2FTonka%20Raceway.pdf,2595480,5e3be29514d446dee3acbf9ed9d219f5,,,Tonka Raceway.pdf
docs/GAMEBOY/Game Boy Color Manuals/Tony Hawk's Pro Skater 2.pdf,https://archive.org/download/mister-manuals/1998_Nintendo%20Game%20Boy%20Color.zip/1998_Nintendo%20Game%20Boy%20Color%2FTony%20Hawk_s%20Pro%20Skater%202.pdf,3621414,3fc062a77c413aa61664388408f2bb65,,,Tony Hawk_s Pro Skater 2.pdf
docs/GAMEBOY/Game Boy Color Manuals/Tony Hawk's Pro Skater 3.pdf,https://archive.org/download/mister-manuals/1998_Nintendo%20Game%20Boy%20Color.zip/1998_Nintendo%20Game%20Boy%20Color%2FTony%20Hawk_s%20Pro%20Skater%203.pdf,3836939,5cf3f7c8367e154ad8ddc6df14a9a463,,,Tony Hawk_s Pro Skater 3.pdf
docs/GAMEBOY/Game Boy Color Manuals/Tony Hawk's Pro Skater.pdf,https://archive.org/download/mister-manuals/1998_Nintendo%20Game%20Boy%20Color.zip/1998_Nintendo%20Game%20Boy%20Color%2FTony%20Hawk_s%20Pro%20Skater.pdf,4645874,ba6a4a53a5420ac463fd9ea4640945e8,,,Tony Hawk_s Pro Skater.pdf
docs/GAMEBOY/Game Boy Color Manuals/Toonsylvania.pdf,https://archive.org/download/mister-manuals/1998_Nintendo%20Game%20Boy%20Color.zip/1998_Nintendo%20Game%20Boy%20Color%2FToonsylvania.pdf,2423355,deab032cd66ffda272d1a3c1e5680987,,,Toonsylvania.pdf
docs/GAMEBOY/Game Boy Color Manuals/Top Gear Pocket 2.pdf,https://archive.org/download/mister-manuals/1998_Nintendo%20Game%20Boy%20Color.zip/1998_Nintendo%20Game%20Boy%20Color%2FTop%20Gear%20Pocket%202.pdf,3856591,5629e0aeb10cd72c5f349231222d314e,,,Top Gear Pocket 2.pdf
docs/GAMEBOY/Game Boy Color Manuals/Top Gear Pocket.pdf,https://archive.org/download/mister-manuals/1998_Nintendo%20Game%20Boy%20Color.zip/1998_Nintendo%20Game%20Boy%20Color%2FTop%20Gear%20Pocket.pdf,4343324,83c45801277526da70504c56336d014e,,,Top Gear Pocket.pdf
docs/GAMEBOY/Game Boy Color Manuals/Towers - Lord Baniff's Deceit.pdf,https://archive.org/download/mister-manuals/1998_Nintendo%20Game%20Boy%20Color.zip/1998_Nintendo%20Game%20Boy%20Color%2FTowers%20-%20Lord%20Baniff_s%20Deceit.pdf,3286877,f8c4bc3eceb4682b11c7d84d9699f0fa,,,Towers - Lord Baniff_s Deceit.pdf
docs/GAMEBOY/Game Boy Color Manuals/Toy Story 2.pdf,https://archive.org/download/mister-manuals/1998_Nintendo%20Game%20Boy%20Color.zip/1998_Nintendo%20Game%20Boy%20Color%2FToy%20Story%202.pdf,4206750,3fa577e5c486b14a584722e15152fb36,,,Toy Story 2.pdf
docs/GAMEBOY/Game Boy Color Manuals/Toy Story Racer.pdf,https://archive.org/download/mister-manuals/1998_Nintendo%20Game%20Boy%20Color.zip/1998_Nintendo%20Game%20Boy%20Color%2FToy%20Story%20Racer.pdf,4631112,678133fc34ba25787e8aae56cddfb2ee,,,Toy Story Racer.pdf
docs/GAMEBOY/Game Boy Color Manuals/Trouballs.pdf,https://archive.org/download/mister-manuals/1998_Nintendo%20Game%20Boy%20Color.zip/1998_Nintendo%20Game%20Boy%20Color%2FTrouballs.pdf,3403123,509312ad129291ca573a6f05e7349442,,,Trouballs.pdf
docs/GAMEBOY/Game Boy Color Manuals/Turok - Rage Wars.pdf,https://archive.org/download/mister-manuals/1998_Nintendo%20Game%20Boy%20Color.zip/1998_Nintendo%20Game%20Boy%20Color%2FTurok%20-%20Rage%20Wars.pdf,2227225,3fe6285bcf31f7dae7cd5afe55b167be,,,Turok - Rage Wars.pdf
docs/GAMEBOY/Game Boy Color Manuals/Turok 2 - Seeds of Evil.pdf,https://archive.org/download/mister-manuals/1998_Nintendo%20Game%20Boy%20Color.zip/1998_Nintendo%20Game%20Boy%20Color%2FTurok%202%20-%20Seeds%20of%20Evil.pdf,3701607,397c59edc112116d8d98507b7b04d4c1,,,Turok 2 - Seeds of Evil.pdf
docs/GAMEBOY/Game Boy Color Manuals/Tweety's High-Flying Adventure.pdf,https://archive.org/download/mister-manuals/1998_Nintendo%20Game%20Boy%20Color.zip/1998_Nintendo%20Game%20Boy%20Color%2FTweety_s%20High-Flying%20Adventure.pdf,4539939,abd08d0e2d99e58baf367c746d06d41a,,,Tweety_s High-Flying Adventure.pdf
docs/GAMEBOY/Game Boy Color Manuals/Ultimate Fighting Championship.pdf,https://archive.org/download/mister-manuals/1998_Nintendo%20Game%20Boy%20Color.zip/1998_Nintendo%20Game%20Boy%20Color%2FUltimate%20Fighting%20Championship.pdf,2484120,6a458581203f33348425159953542ddb,,,Ultimate Fighting Championship.pdf
docs/GAMEBOY/Game Boy Color Manuals/Ultimate Paintball.pdf,https://archive.org/download/mister-manuals/1998_Nintendo%20Game%20Boy%20Color.zip/1998_Nintendo%20Game%20Boy%20Color%2FUltimate%20Paintball.pdf,2604386,0648ed35375952f5e6aadcc0c67623dc,,,Ultimate Paintball.pdf
docs/GAMEBOY/Game Boy Color Manuals/Uno.pdf,https://archive.org/download/mister-manuals/1998_Nintendo%20Game%20Boy%20Color.zip/1998_Nintendo%20Game%20Boy%20Color%2FUno.pdf,3841185,50a7f903d5e5d916d94267e80256bfdc,,,Uno.pdf
docs/GAMEBOY/Game Boy Color Manuals/V-Rally - Edition 99.pdf,https://archive.org/download/mister-manuals/1998_Nintendo%20Game%20Boy%20Color.zip/1998_Nintendo%20Game%20Boy%20Color%2FV-Rally%20-%20Edition%2099.pdf,1847200,e18a3950236145c16bdc0eb9124e2db4,,,V-Rally - Edition 99.pdf
docs/GAMEBOY/Game Boy Color Manuals/Vegas Games.pdf,https://archive.org/download/mister-manuals/1998_Nintendo%20Game%20Boy%20Color.zip/1998_Nintendo%20Game%20Boy%20Color%2FVegas%20Games.pdf,4673520,7ada8fb12a60258d49b2fbeb0b217c10,,,Vegas Games.pdf
docs/GAMEBOY/Game Boy Color Manuals/Vigilante 8.pdf,https://archive.org/download/mister-manuals/1998_Nintendo%20Game%20Boy%20Color.zip/1998_Nintendo%20Game%20Boy%20Color%2FVigilante%208.pdf,3655433,32b21560f7f7a76f75a4cb7db0cedb74,,,Vigilante 8.pdf
docs/GAMEBOY/Game Boy Color Manuals/WWF Attitude.pdf,https://archive.org/download/mister-manuals/1998_Nintendo%20Game%20Boy%20Color.zip/1998_Nintendo%20Game%20Boy%20Color%2FWWF%20Attitude.pdf,5389799,a042c6ff10312dcb5db90a4eb793e8d0,,,WWF Attitude.pdf
docs/GAMEBOY/Game Boy Color Manuals/WWF WrestleMania 2000.pdf,https://archive.org/download/mister-manuals/1998_Nintendo%20Game%20Boy%20Color.zip/1998_Nintendo%20Game%20Boy%20Color%2FWWF%20WrestleMania%202000.pdf,6020856,1253c5a4a7ff85679cc4dbae3f0c1399,,,WWF WrestleMania 2000.pdf
docs/GAMEBOY/Game Boy Color Manuals/Walt Disney World Quest - Magical Racing Tour.pdf,https://archive.org/download/mister-manuals/1998_Nintendo%20Game%20Boy%20Color.zip/1998_Nintendo%20Game%20Boy%20Color%2FWalt%20Disney%20World%20Quest%20-%20Magical%20Racing%20Tour.pdf,5489354,c2eb1cf5db8be67a6e062a0fff2e15c2,,,Walt Disney World Quest - Magical Racing Tour.pdf
docs/GAMEBOY/Game Boy Color Manuals/Wario Land 3.pdf,https://archive.org/download/mister-manuals/1998_Nintendo%20Game%20Boy%20Color.zip/1998_Nintendo%20Game%20Boy%20Color%2FWario%20Land%203.pdf,4674711,4ca7c15c52a4400f2adad6f579dfe441,,,Wario Land 3.pdf
docs/GAMEBOY/Game Boy Color Manuals/Wario Land II.pdf,https://archive.org/download/mister-manuals/1998_Nintendo%20Game%20Boy%20Color.zip/1998_Nintendo%20Game%20Boy%20Color%2FWario%20Land%20II.pdf,3693969,b753a3d9c14f3bfcfe3e6ae96c7757ca,,,Wario Land II.pdf
docs/GAMEBOY/Game Boy Color Manuals/Warlocked.pdf,https://archive.org/download/mister-manuals/1998_Nintendo%20Game%20Boy%20Color.zip/1998_Nintendo%20Game%20Boy%20Color%2FWarlocked.pdf,6760202,91cbdd660cb8f0c373059273fe3f6d2e,,,Warlocked.pdf
docs/GAMEBOY/Game Boy Color Manuals/Warriors of Might and Magic.pdf,https://archive.org/download/mister-manuals/1998_Nintendo%20Game%20Boy%20Color.zip/1998_Nintendo%20Game%20Boy%20Color%2FWarriors%20of%20Might%20and%20Magic.pdf,3082438,7f2da0024a2d03aedbb47fb6f629d3ab,,,Warriors of Might and Magic.pdf
docs/GAMEBOY/Game Boy Color Manuals/Who Wants to Be a Millionaire - 2nd Edition.pdf,https://archive.org/download/mister-manuals/1998_Nintendo%20Game%20Boy%20Color.zip/1998_Nintendo%20Game%20Boy%20Color%2FWho%20Wants%20to%20Be%20a%20Millionaire%20-%202nd%20Edition.pdf,2366476,1b2284faf56eaf7d7b708113c336a014,,,Who Wants to Be a Millionaire - 2nd Edition.pdf
"docs/GAMEBOY/Game Boy Color Manuals/Wild Thornberrys, The - Rambler.pdf",https://archive.org/download/mister-manuals/1998_Nintendo%20Game%20Boy%20Color.zip/1998_Nintendo%20Game%20Boy%20Color%2FWild%20Thornberrys%2C%20The%20-%20Rambler.pdf,4595632,f13bd63a79f09e8db01dbe8debdab6a9,,,"Wild Thornberrys, The - Rambler.pdf"
docs/GAMEBOY/Game Boy Color Manuals/Winnie the Pooh - Adventures in the 100 Acre Wood.pdf,https://archive.org/download/mister-manuals/1998_Nintendo%20Game%20Boy%20Color.zip/1998_Nintendo%20Game%20Boy%20Color%2FWinnie%20the%20Pooh%20-%20Adventures%20in%20the%20100%20Acre%20Wood.pdf,3685419,e2c0fd5cba6cc155479cdb7c98a39786,,,Winnie the Pooh - Adventures in the 100 Acre Wood.pdf
docs/GAMEBOY/Game Boy Color Manuals/X-Men - Mutant Academy.pdf,https://archive.org/download/mister-manuals/1998_Nintendo%20Game%20Boy%20Color.zip/1998_Nintendo%20Game%20Boy%20Color%2FX-Men%20-%20Mutant%20Academy.pdf,5194613,3cf3f3506c246fff70c764b714d98dbb,,,X-Men - Mutant Academy.pdf
docs/GAMEBOY/Game Boy Color Manuals/X-Men - Mutant Wars.pdf,https://archive.org/download/mister-manuals/1998_Nintendo%20Game%20Boy%20Color.zip/1998_Nintendo%20Game%20Boy%20Color%2FX-Men%20-%20Mutant%20Wars.pdf,4300801,53cfaf5daedd4db6f4a9581d2aa1a883,,,X-Men - Mutant Wars.pdf
docs/GAMEBOY/Game Boy Color Manuals/Yars' Revenge.pdf,https://archive.org/download/mister-manuals/1998_Nintendo%20Game%20Boy%20Color.zip/1998_Nintendo%20Game%20Boy%20Color%2FYars_%20Revenge.pdf,4886395,0de6dd21cb5bf192ebf37e6479b8edfa,,,Yars_ Revenge.pdf
docs/GAMEBOY/Game Boy Color Manuals/Yogi Bear - Great Balloon Blast.pdf,https://archive.org/download/mister-manuals/1998_Nintendo%20Game%20Boy%20Color.zip/1998_Nintendo%20Game%20Boy%20Color%2FYogi%20Bear%20-%20Great%20Balloon%20Blast.pdf,4449409,29a4df7c832e4b1f056fcf1919aca7d4,,,Yogi Bear - Great Balloon Blast.pdf
docs/GAMEBOY/Game Boy Color Manuals/Yu-Gi-Oh! Dark Duel Stories.pdf,https://archive.org/download/mister-manuals/1998_Nintendo%20Game%20Boy%20Color.zip/1998_Nintendo%20Game%20Boy%20Color%2FYu-Gi-Oh%21%20Dark%20Duel%20Stories.pdf,6778563,6b6147b7a4e10ff960aa29ebe32f7f43,,,Yu-Gi-Oh! Dark Duel Stories.pdf
docs/GAMEBOY/Game Boy Color Manuals/Zebco Fishing!.pdf,https://archive.org/download/mister-manuals/1998_Nintendo%20Game%20Boy%20Color.zip/1998_Nintendo%20Game%20Boy%20Color%2FZebco%20Fishing%21.pdf,4050010,7fd6b2b74e3d1a2faa0e4784211d5b10,,,Zebco Fishing!.pdf
